,0,1,2,3
0,teen,10-28-14,-6.9456,473
1,teen,10-28-11,4.8579,33
2,teen,10-28-10,-0.2223,9
3,teen,10-28-13,-4.5769,179
4,teen,10-28-12,-6.9819,53
5,teen,06-28-09,0.0,1
6,teen,06-28-08,0.0,1
7,teen,01-28-09,0.6875,1
8,teen,04-28-14,-12.4622,206
9,teen,04-28-10,-0.1197,7
10,teen,04-28-11,0.2346,13
11,teen,04-28-12,2.3506,33
12,teen,04-28-13,8.8462,92
13,teen,04-7-14,-12.7656,439
14,teen,04-7-13,2.122,159
15,teen,04-7-12,0.4182,79
16,teen,04-7-11,3.1521,26
17,teen,04-7-10,-1.2271,8
18,teen,12-28-08,0.7351,1
19,teen,12-28-09,-0.085,3
20,teen,07-28-08,0.2263,1
21,teen,07-28-09,0.4931,6
22,teen,02-21-09,-0.2858,6
23,teen,09-21-09,1.516,6
24,teen,09-21-08,0.5994,1
25,teen,08-21-08,-0.4404,1
26,teen,08-21-09,0.0711,12
27,teen,02-7-15,5.5269,51
28,teen,02-7-14,-46.6463,559
29,teen,07-0-09,0.3637,4
30,teen,02-7-11,1.3998,34
31,teen,02-7-10,1.0894,6
32,teen,02-7-13,-5.5923,164
33,teen,02-7-12,0.9316,55
34,teen,06-0-09,2.5954,9
35,teen,06-0-08,-0.2422,1
36,teen,11-21-08,0.3244,1
37,teen,11-21-09,1.9079,19
38,teen,01-0-09,0.0,1
39,teen,04-0-09,0.3209,6
40,teen,11-7-14,1.3411,802
41,teen,11-7-11,5.3991,50
42,teen,11-7-10,2.6029,13
43,teen,05-7-09,0.5748,6
44,teen,11-7-12,-2.3054,114
45,teen,05-21-09,-0.9768,11
46,teen,04-14-14,-14.7377,405
47,teen,04-14-12,5.3932,86
48,teen,04-14-13,-7.1406,189
49,teen,04-14-10,0.2311,17
50,teen,04-14-11,3.6378,37
51,teen,05-0-13,-8.773,186
52,teen,05-0-12,3.6905,57
53,teen,05-0-11,2.7946,28
54,teen,05-0-10,0.3302,9
55,teen,05-0-14,-19.2378,391
56,teen,01-14-15,0.1878,428
57,teen,01-14-14,-8.3442,338
58,teen,01-14-11,-0.2434,26
59,teen,01-14-10,4.1686,12
60,teen,01-14-13,4.0801,144
61,teen,01-14-12,-4.8698,63
62,teen,12-0-08,0.0,1
63,teen,12-0-09,-0.2332,3
64,teen,12-14-14,-18.485,871
65,teen,12-14-11,2.7081,40
66,teen,12-14-10,3.6169,25
67,teen,12-14-13,-17.2274,315
68,teen,12-14-12,-12.4869,109
69,teen,01-7-10,0.3866,16
70,teen,01-7-11,-1.6042,18
71,teen,01-7-12,-2.7858,46
72,teen,01-7-13,-6.5211,158
73,teen,01-7-14,1.8671,340
74,teen,01-7-15,10.707,534
75,teen,12-7-10,4.7245,12
76,teen,12-7-11,4.1978,63
77,teen,12-7-12,2.6031,98
78,teen,12-7-13,-24.0855,312
79,teen,12-7-14,-43.577,895
80,teen,03-0-09,0.6206,3
81,teen,03-28-09,0.2562,6
82,teen,10-0-09,2.261,21
83,teen,09-28-08,0.0,1
84,teen,09-28-09,-0.7974,9
85,teen,09-0-14,-55.6529,709
86,teen,09-0-13,3.0499,214
87,teen,09-0-12,1.6888,55
88,teen,09-0-11,-1.211,29
89,teen,09-0-10,0.5965,6
90,teen,11-7-13,20.0334,273
91,teen,10-28-09,-1.5363,3
92,teen,06-14-09,2.7812,10
93,teen,06-14-08,0.2732,2
94,teen,07-7-09,1.7592,6
95,teen,06-28-14,-95.6364,397
96,teen,06-28-12,3.0273,34
97,teen,06-28-13,-3.0686,122
98,teen,06-28-10,-0.3617,8
99,teen,06-28-11,3.5959,19
100,teen,08-14-09,2.3043,12
101,teen,08-14-08,0.3612,1
102,teen,06-21-13,-8.3271,257
103,teen,06-21-12,2.7284,69
104,teen,06-21-11,-1.2609,41
105,teen,06-21-10,-0.1709,16
106,teen,06-21-14,-20.7947,506
107,teen,09-7-09,2.9719,6
108,teen,04-7-09,2.0383,3
109,teen,09-21-14,-35.3522,623
110,teen,09-21-12,1.4147,87
111,teen,09-21-13,1.6376,224
112,teen,09-21-10,2.9317,14
113,teen,09-21-11,-3.5776,29
114,teen,04-21-14,-12.3739,477
115,teen,04-21-11,2.7145,23
116,teen,04-21-10,-1.3487,12
117,teen,04-21-13,-4.0261,176
118,teen,04-21-12,6.8134,122
119,teen,02-28-09,0.3182,1
120,teen,02-28-08,0.3818,1
121,teen,02-7-09,0.328,3
122,teen,06-0-12,3.31,48
123,teen,06-0-13,-5.5191,150
124,teen,06-0-10,-0.2621,11
125,teen,06-0-11,4.8579,34
126,teen,06-0-14,-10.0239,481
127,teen,11-28-09,-0.4019,1
128,teen,04-0-10,-0.5665,9
129,teen,04-0-11,0.7916,28
130,teen,04-0-12,-4.7844,51
131,teen,04-0-13,1.5448,124
132,teen,04-0-14,5.7796,342
133,teen,05-21-12,6.7676,68
134,teen,05-21-13,-3.3194,195
135,teen,05-21-10,-0.3187,14
136,teen,05-21-11,3.113,30
137,teen,05-21-14,-19.1192,477
138,teen,05-7-14,-5.2626,432
139,teen,11-7-09,-0.8285,5
140,teen,05-7-10,-0.8737,14
141,teen,05-7-11,5.6233,21
142,teen,05-7-12,-3.136,85
143,teen,05-7-13,2.3842,195
144,teen,01-14-09,-0.6339,5
145,teen,05-0-09,-0.5197,4
146,teen,05-28-14,-17.4222,284
147,teen,05-28-13,6.5801,148
148,teen,05-28-12,6.2296,52
149,teen,05-28-11,0.8633,16
150,teen,05-28-10,0.1687,3
151,teen,03-7-09,0.8031,9
152,teen,08-7-13,-12.0369,296
153,teen,08-7-12,-0.4602,100
154,teen,08-7-11,2.0388,59
155,teen,08-7-10,1.4869,15
156,teen,08-7-14,-235.448,1212
157,teen,12-14-08,0.0,1
158,teen,12-14-09,-0.4277,6
159,teen,10-7-09,0.3731,5
160,teen,10-7-08,1.3603,3
161,teen,10-7-10,5.0621,22
162,teen,08-0-09,-0.2449,23
163,teen,03-21-09,1.6831,12
164,teen,10-7-11,-5.3318,36
165,teen,07-14-14,-48.6853,661
166,teen,07-14-13,-181.08,791
167,teen,07-14-12,3.5583,95
168,teen,07-14-11,5.2014,35
169,teen,07-14-10,9.6562,25
170,teen,10-7-12,6.3353,121
171,teen,01-28-12,6.0211,32
172,teen,01-28-11,-2.3188,6
173,teen,10-21-09,0.7439,8
174,teen,10-21-08,-0.6435,3
175,teen,08-28-09,-0.1853,9
176,teen,01-28-10,0.9765,3
177,teen,01-28-15,2.4775,187
178,teen,09-0-08,0.077,2
179,teen,09-0-09,3.0088,10
180,teen,06-14-14,-9.3843,620
181,teen,06-14-10,3.8179,19
182,teen,06-14-11,0.1382,37
183,teen,06-14-12,-2.8849,73
184,teen,06-14-13,-11.4669,194
185,teen,07-21-09,0.47,11
186,teen,07-21-08,0.0516,1
187,teen,07-7-14,-101.1652,779
188,teen,07-7-12,6.1769,84
189,teen,07-7-13,-69.3064,471
190,teen,07-7-10,-3.5218,13
191,teen,07-7-11,3.5853,36
192,teen,09-14-14,-4.2485,613
193,teen,09-14-11,-2.72,28
194,teen,09-14-10,4.0349,19
195,teen,09-14-13,7.7337,236
196,teen,09-14-12,-0.8355,94
197,teen,02-0-14,-17.9947,320
198,teen,06-21-08,-0.1027,1
199,teen,06-21-09,3.9554,12
200,teen,12-7-08,0.516,1
201,teen,08-14-12,11.0084,86
202,teen,08-14-13,-31.308,311
203,teen,08-14-10,1.3059,9
204,teen,08-14-11,-5.2173,30
205,teen,08-14-14,-422.6427,1712
206,teen,02-0-09,0.2267,3
207,teen,08-21-11,3.3675,33
208,teen,06-7-11,0.4273,31
209,teen,06-7-10,-0.937,10
210,teen,06-7-13,8.9861,218
211,teen,06-7-12,-0.6303,89
212,teen,06-7-14,0.0573,558
213,teen,09-7-10,-2.3111,14
214,teen,09-7-11,3.2565,30
215,teen,09-7-12,4.491,80
216,teen,09-7-13,-9.305,234
217,teen,09-7-14,-61.6267,787
218,teen,01-21-09,0.2795,3
219,teen,01-21-08,0.0,1
220,teen,11-0-09,0.4927,2
221,teen,11-0-08,0.886,3
222,teen,08-21-10,0.5991,10
223,teen,05-14-11,4.2969,18
224,teen,05-14-10,-1.101,12
225,teen,05-14-13,1.8065,172
226,teen,05-14-12,6.164,64
227,teen,05-14-14,3.8326,480
228,teen,02-28-12,0.9879,26
229,teen,02-28-13,2.7321,43
230,teen,02-28-10,-0.6666,5
231,teen,02-28-11,1.5289,7
232,teen,02-28-14,2.6698,47
233,teen,03-14-13,-24.5255,219
234,teen,03-14-12,-3.8739,79
235,teen,03-14-11,6.5539,30
236,teen,04-21-09,0.5549,7
237,teen,03-14-14,-7.0134,378
238,teen,12-21-09,4.2886,7
239,teen,12-21-08,1.9063,3
240,teen,02-14-09,-0.5423,2
241,teen,11-28-12,-1.0147,55
242,teen,11-28-13,-2.7661,96
243,teen,11-28-10,0.4841,7
244,teen,11-28-11,-2.0222,21
245,teen,11-28-14,-83.5918,541
246,teen,10-14-13,1.1814,251
247,teen,10-14-12,-10.591,130
248,teen,10-14-11,4.4472,57
249,teen,10-14-10,-1.941,25
250,teen,10-14-14,2.8632,780
251,teen,10-28-08,0.0,1
252,teen,11-14-09,-0.9843,21
253,teen,11-14-08,0.0,1
254,teen,05-28-08,0.0,1
255,teen,05-28-09,0.887,7
256,teen,03-7-12,5.4099,54
257,teen,03-7-13,-19.0787,164
258,teen,03-7-10,3.0289,9
259,teen,03-7-11,1.9986,24
260,teen,03-7-14,1.6901,399
261,teen,08-7-08,0.7579,1
262,teen,08-7-09,-1.7134,15
263,teen,02-21-12,-2.6867,45
264,teen,04-28-09,0.7096,1
265,teen,01-28-13,-2.9492,90
266,teen,10-7-13,-6.4254,216
267,teen,08-21-13,-164.5107,530
268,teen,08-21-12,2.6763,95
269,teen,08-21-14,-123.321,1023
270,teen,10-7-14,-72.3866,1002
271,teen,01-28-14,-4.6664,272
272,teen,08-0-14,-25.7459,574
273,teen,08-0-10,-0.8389,7
274,teen,08-0-11,3.2066,37
275,teen,08-0-12,4.4603,86
276,teen,08-0-13,-5.8297,192
277,teen,03-21-14,-10.9685,476
278,teen,03-21-10,2.0175,12
279,teen,03-21-11,0.3989,24
280,teen,03-21-12,-3.5334,140
281,teen,03-21-13,-10.4152,160
282,teen,12-28-13,-0.8164,168
283,teen,12-28-12,-1.8911,65
284,teen,12-28-11,-1.2938,23
285,teen,12-28-10,3.3457,13
286,teen,12-28-14,-23.0518,499
287,teen,02-21-14,-6.769,391
288,teen,02-21-13,-9.5511,143
289,teen,07-14-09,-0.1155,14
290,teen,02-21-11,2.3734,31
291,teen,02-21-10,2.2867,12
292,teen,07-28-11,3.5584,15
293,teen,07-28-10,-1.2606,11
294,teen,07-28-13,0.561,183
295,teen,07-28-12,3.5909,45
296,teen,07-28-14,-36.4773,389
297,teen,10-21-14,-47.322,889
298,teen,10-21-10,-5.1236,21
299,teen,10-21-11,-0.329,30
300,teen,10-21-12,-5.706,96
301,teen,10-21-13,-4.2736,242
302,teen,08-28-10,0.5924,6
303,teen,07-0-14,-235.5053,763
304,teen,08-28-12,4.2564,57
305,teen,08-28-13,-3.8349,180
306,teen,08-28-14,-11.2443,365
307,teen,07-0-10,1.6617,7
308,teen,07-0-13,-21.5665,236
309,teen,07-0-12,3.4471,75
310,teen,11-21-14,-867.1991,3055
311,teen,11-21-13,-15.1555,314
312,teen,11-21-12,3.5812,96
313,teen,11-21-11,-0.3792,27
314,teen,11-21-10,5.6011,13
315,teen,04-21-08,0.0,1
316,teen,01-0-15,5.592,523
317,teen,01-0-14,0.791,283
318,teen,01-0-13,3.8008,129
319,teen,01-0-12,1.1248,45
320,teen,01-0-11,-2.5984,12
321,teen,01-0-10,-1.3772,9
322,teen,07-21-10,3.1375,14
323,teen,07-21-11,2.2878,46
324,teen,07-21-12,18.6444,113
325,teen,07-21-13,-31.4991,327
326,teen,07-21-14,-95.2043,788
327,teen,04-14-09,2.7562,7
328,teen,09-14-08,0.4215,1
329,teen,09-14-09,1.6277,12
330,teen,12-0-14,-222.3327,1396
331,teen,12-0-13,0.595,254
332,teen,12-0-12,8.2168,90
333,teen,12-0-11,6.4412,50
334,teen,12-0-10,0.7555,16
335,teen,03-14-10,3.8329,16
336,teen,06-7-09,-1.0847,17
337,teen,01-7-09,-0.9678,3
338,teen,08-28-11,-1.0073,15
339,teen,01-21-14,23.4613,421
340,teen,01-21-15,-0.2008,412
341,teen,01-21-12,1.2665,54
342,teen,01-21-13,-4.01,134
343,teen,01-21-10,1.1851,8
344,teen,01-21-11,1.5258,27
345,teen,07-0-11,1.131,27
346,teen,05-14-09,3.8275,12
347,teen,03-14-09,1.5569,6
348,teen,12-7-09,-0.594,11
349,teen,02-0-15,9.7593,160
350,teen,02-0-12,3.8737,60
351,teen,02-0-13,-5.4323,120
352,teen,02-0-10,-1.2289,7
353,teen,02-0-11,-4.0018,32
354,teen,12-21-14,-119.5377,997
355,teen,12-21-12,-6.004,111
356,teen,12-21-13,-18.3854,240
357,teen,12-21-10,-0.8743,14
358,teen,12-21-11,-1.0178,28
359,teen,02-14-10,-1.1142,9
360,teen,02-14-11,2.6748,23
361,teen,02-14-12,5.0199,67
362,teen,02-14-13,0.4596,150
363,teen,02-14-14,-132.3807,644
364,teen,03-0-11,3.1165,20
365,teen,03-0-10,1.041,7
366,teen,03-0-13,9.5328,131
367,teen,03-0-12,1.3119,44
368,teen,03-0-14,2.4279,349
369,teen,10-14-08,1.9217,3
370,teen,10-14-09,2.915,19
371,teen,11-0-14,2.3162,735
372,teen,11-0-12,-4.707,94
373,teen,11-0-13,-7.4414,208
374,teen,11-0-10,-2.7124,11
375,teen,11-0-11,0.9119,30
376,teen,03-28-14,-8.6214,185
377,teen,03-28-11,-0.6289,16
378,teen,03-28-10,0.2005,8
379,teen,03-28-13,-1.0105,97
380,teen,03-28-12,-10.4345,48
381,teen,11-14-10,1.6943,15
382,teen,11-14-11,3.3849,32
383,teen,11-14-12,12.0752,109
384,teen,11-14-13,-4.7444,318
385,teen,11-14-14,-23.3665,1002
386,teen,10-0-11,-1.8613,18
387,teen,10-0-10,-1.813,15
388,teen,10-0-13,8.0216,194
389,teen,10-0-12,1.4786,84
390,teen,10-0-14,-45.0663,645
391,teen,09-28-13,1.362,79
392,teen,09-28-12,7.451,47
393,teen,09-28-11,2.7517,23
394,teen,09-28-10,-1.2512,9
395,teen,09-28-14,-25.0524,299
396,officer,10-28-14,-117.3437,923
397,officer,10-28-11,-4.099,35
398,officer,10-28-10,-1.8704,10
399,officer,10-28-13,-20.7388,180
400,officer,10-28-12,9.3648,55
401,officer,06-28-09,-0.0346,3
402,officer,01-28-10,0.2149,4
403,officer,01-28-09,0.6705,1
404,officer,04-28-14,-24.1572,283
405,officer,04-28-10,-1.2146,5
406,officer,04-28-11,1.3947,15
407,officer,04-28-12,-2.1889,24
408,officer,04-28-13,-0.8279,98
409,officer,04-7-14,-42.3568,621
410,officer,04-7-13,-16.8698,222
411,officer,04-7-12,-6.7066,73
412,officer,04-7-11,-1.9553,37
413,officer,04-7-10,-3.0679,11
414,officer,12-28-08,0.0691,2
415,officer,12-28-09,1.5478,8
416,officer,07-28-09,-2.7962,15
417,officer,02-21-09,0.8439,3
418,officer,09-21-09,1.2658,11
419,officer,09-21-08,0.1007,3
420,officer,08-21-08,-0.788,3
421,officer,08-21-09,-1.3111,8
422,officer,02-7-15,-2.3785,47
423,officer,02-7-14,-22.7399,421
424,officer,07-0-09,-0.0251,3
425,officer,02-7-11,1.3737,20
426,officer,02-7-10,0.2825,6
427,officer,02-7-13,-118.2349,594
428,officer,02-7-12,-1.7982,62
429,officer,06-0-09,2.3073,9
430,officer,11-21-08,-0.1245,4
431,officer,11-21-09,0.7532,12
432,officer,01-0-09,0.9912,3
433,officer,04-0-09,-1.9564,9
434,officer,11-7-14,-115.0918,1446
435,officer,11-7-11,-4.5321,64
436,officer,11-7-10,0.0518,6
437,officer,05-7-09,-0.4619,2
438,officer,11-7-12,-16.0612,149
439,officer,05-21-09,-1.0264,6
440,officer,04-14-14,-29.1218,552
441,officer,04-14-12,-6.5714,109
442,officer,04-14-13,-87.0355,1333
443,officer,04-14-10,-0.1351,9
444,officer,04-14-11,-3.4758,31
445,officer,05-0-13,2.9048,239
446,officer,05-0-12,-2.9542,77
447,officer,05-0-11,6.4291,38
448,officer,05-0-10,-2.3784,14
449,officer,05-0-14,-56.6808,518
450,officer,01-14-15,-59.2128,726
451,officer,01-14-14,-27.5813,473
452,officer,01-14-11,-0.9155,19
453,officer,01-14-10,0.2274,10
454,officer,01-14-13,4.2608,204
455,officer,01-14-12,-3.3697,47
456,officer,12-0-09,-0.272,9
457,officer,12-14-14,-624.7013,3158
458,officer,12-14-11,0.0787,55
459,officer,12-14-10,-3.8996,30
460,officer,12-14-13,-18.2832,346
461,officer,12-14-12,-17.4247,207
462,officer,01-7-10,1.3764,5
463,officer,01-7-11,-1.7383,14
464,officer,01-7-12,-6.9206,70
465,officer,01-7-13,-9.0792,200
466,officer,01-7-14,-42.8855,494
467,officer,01-7-15,-45.3348,815
468,officer,08-28-08,0.0,1
469,officer,12-7-10,-3.2291,27
470,officer,12-7-11,-13.8099,84
471,officer,12-7-12,-3.079,133
472,officer,12-7-13,-16.3658,367
473,officer,12-7-14,-397.7352,3212
474,officer,03-0-09,0.4404,3
475,officer,03-28-09,0.5267,2
476,officer,10-0-08,0.6523,1
477,officer,10-0-09,1.5961,8
478,officer,09-28-09,0.0,3
479,officer,09-0-14,-92.1808,1117
480,officer,09-0-13,-6.5941,284
481,officer,09-0-12,-9.5705,101
482,officer,09-0-11,-0.0631,25
483,officer,09-0-10,2.5695,16
484,officer,11-7-13,-14.1836,353
485,officer,10-28-09,-0.0772,3
486,officer,06-14-09,1.4799,8
487,officer,07-7-09,-2.3267,5
488,officer,06-28-14,-10.5894,195
489,officer,06-28-12,-2.2522,21
490,officer,06-28-13,4.2045,93
491,officer,06-28-10,-0.1861,5
492,officer,06-28-11,-3.4383,20
493,officer,08-14-09,0.2092,15
494,officer,06-21-13,-13.8741,284
495,officer,06-21-12,-8.8422,82
496,officer,06-21-11,2.5462,27
497,officer,06-21-10,-2.3266,14
498,officer,06-21-14,-19.7331,594
499,officer,09-7-09,2.6274,9
500,officer,09-7-08,0.2732,1
501,officer,04-7-09,1.3758,3
502,officer,09-21-14,-190.5668,1442
503,officer,09-21-12,-14.2828,108
504,officer,09-21-13,-10.4225,357
505,officer,09-21-10,-0.9136,24
506,officer,09-21-11,-10.2509,73
507,officer,04-21-14,-41.8517,650
508,officer,04-21-11,1.225,21
509,officer,04-21-10,-1.1054,14
510,officer,04-21-13,-15.1896,318
511,officer,04-21-12,-8.4218,75
512,officer,02-7-09,0.0,1
513,officer,06-0-12,-2.06,75
514,officer,06-0-13,-7.1752,185
515,officer,06-0-10,-2.1961,9
516,officer,06-0-11,3.1374,26
517,officer,06-0-14,-91.2299,864
518,officer,11-28-09,-0.9689,4
519,officer,04-0-10,0.4019,4
520,officer,04-0-11,0.1227,11
521,officer,04-0-12,-8.0647,68
522,officer,04-0-13,-6.3604,184
523,officer,04-0-14,-30.8366,513
524,officer,05-21-12,-6.453,79
525,officer,05-21-13,-13.2574,252
526,officer,05-21-10,0.1491,9
527,officer,05-21-11,-0.6298,41
528,officer,05-21-14,-37.4935,588
529,officer,05-7-14,-71.047,674
530,officer,11-7-09,2.0316,8
531,officer,05-7-10,-0.6253,13
532,officer,05-7-11,1.0496,37
533,officer,05-7-12,-8.6563,85
534,officer,05-7-13,-9.2298,330
535,officer,01-14-09,0.0201,2
536,officer,05-0-09,0.1259,7
537,officer,05-28-14,-21.4451,425
538,officer,05-28-13,-7.1604,132
539,officer,05-28-12,5.713,50
540,officer,05-28-11,1.0468,11
541,officer,05-28-10,-1.2878,6
542,officer,03-7-09,-0.6919,3
543,officer,08-7-13,-36.3347,280
544,officer,08-7-12,-18.5241,107
545,officer,08-7-11,-5.3577,37
546,officer,08-7-10,-0.3451,11
547,officer,08-7-14,-431.2894,2259
548,officer,12-14-09,-1.223,9
549,officer,10-7-09,-1.2806,6
550,officer,10-7-08,0.0,3
551,officer,10-7-10,3.1472,18
552,officer,08-0-09,-3.7014,9
553,officer,03-21-09,-1.1158,11
554,officer,03-21-08,0.0516,1
555,officer,07-14-14,-82.3101,818
556,officer,07-14-13,-28.5203,374
557,officer,07-14-12,-9.8064,103
558,officer,07-14-11,-0.4756,38
559,officer,07-14-10,-1.2973,9
560,officer,01-28-13,-0.8016,120
561,officer,10-7-13,-15.3185,307
562,officer,01-28-11,-1.161,8
563,officer,10-21-09,0.5556,6
564,officer,08-28-09,-2.2239,5
565,officer,10-7-11,-9.2175,52
566,officer,01-28-15,-17.1449,311
567,officer,09-0-09,0.6894,7
568,officer,06-14-14,-6.8543,551
569,officer,06-14-10,0.3286,21
570,officer,06-14-11,-6.5696,30
571,officer,06-14-12,-2.5611,60
572,officer,06-14-13,-9.5105,204
573,officer,07-21-09,1.3871,39
574,officer,07-7-14,-55.6192,741
575,officer,07-7-12,-6.2144,73
576,officer,07-7-13,-19.1506,325
577,officer,07-7-10,-5.3235,18
578,officer,07-7-11,-1.6042,32
579,officer,09-14-14,-93.5053,1216
580,officer,09-14-11,-1.9225,51
581,officer,09-14-10,-5.4472,25
582,officer,09-14-13,-32.5295,466
583,officer,09-14-12,-2.4185,128
584,officer,02-0-14,-28.7699,328
585,officer,06-21-08,0.5707,1
586,officer,06-21-09,-0.3043,3
587,officer,08-14-12,-5.4576,101
588,officer,08-14-13,-27.6288,291
589,officer,08-14-10,-1.0671,9
590,officer,08-14-11,-0.3631,51
591,officer,08-14-14,-2191.9815,12283
592,officer,08-21-11,1.0558,35
593,officer,06-7-11,0.7095,25
594,officer,06-7-10,-1.8658,12
595,officer,06-7-13,-10.1785,223
596,officer,06-7-12,-6.5457,74
597,officer,06-7-14,-94.3847,896
598,officer,09-7-10,0.7055,12
599,officer,09-7-11,-1.8378,54
600,officer,09-7-12,-9.6111,116
601,officer,09-7-13,-6.1759,279
602,officer,09-7-14,-144.111,1325
603,officer,01-21-09,-0.4404,2
604,officer,11-0-09,-2.6962,18
605,officer,11-0-08,0.4003,1
606,officer,08-21-10,-2.1659,6
607,officer,05-14-11,1.0597,26
608,officer,05-14-10,0.7116,11
609,officer,05-14-13,2.9098,396
610,officer,05-14-12,-2.5531,120
611,officer,05-14-14,18.5356,627
612,officer,02-28-12,-2.8518,20
613,officer,02-28-13,-1.134,42
614,officer,02-28-10,0.0,1
615,officer,02-28-11,-0.7003,2
616,officer,02-28-14,1.2984,99
617,officer,03-14-13,-7.6285,198
618,officer,03-14-12,3.2282,85
619,officer,03-14-11,-4.6551,18
620,officer,03-14-10,-0.7333,10
621,officer,03-14-14,-8.8655,464
622,officer,12-21-09,-1.1233,14
623,officer,12-21-08,0.0,1
624,officer,02-14-09,0.857,4
625,officer,11-28-12,6.9825,76
626,officer,11-28-13,1.9005,102
627,officer,11-28-10,-0.9066,7
628,officer,11-28-11,-3.8578,75
629,officer,11-28-14,-275.8504,1594
630,officer,10-14-13,-22.4308,341
631,officer,10-14-12,-4.1683,146
632,officer,10-14-11,-4.2791,64
633,officer,10-14-10,-1.8208,15
634,officer,10-14-14,-167.3052,1462
635,officer,10-28-08,0.1531,1
636,officer,11-14-09,-1.0856,9
637,officer,11-14-08,-0.2144,1
638,officer,05-28-08,0.0,1
639,officer,05-28-09,-1.5458,6
640,officer,03-7-12,-6.6478,52
641,officer,03-7-13,10.5223,186
642,officer,03-7-10,-0.5983,5
643,officer,03-7-11,0.5249,22
644,officer,03-7-14,-29.8442,492
645,officer,08-7-09,-1.0534,14
646,officer,07-14-09,0.086,6
647,officer,04-28-09,1.5572,3
648,officer,10-7-12,-7.7103,119
649,officer,01-28-12,0.3964,48
650,officer,08-21-13,-7.8853,301
651,officer,08-21-12,-9.9542,91
652,officer,08-21-14,-692.5515,4119
653,officer,10-7-14,-344.6468,2387
654,officer,01-28-14,-27.6115,331
655,officer,08-0-14,-77.7369,717
656,officer,08-0-10,0.5765,8
657,officer,08-0-11,-1.3419,27
658,officer,08-0-12,-9.969,100
659,officer,08-0-13,-11.4999,256
660,officer,03-21-14,-25.6152,503
661,officer,03-21-10,0.1018,11
662,officer,03-21-11,-2.2052,22
663,officer,03-21-12,-2.0632,112
664,officer,03-21-13,-5.5626,193
665,officer,12-28-13,-5.557,139
666,officer,12-28-12,2.9867,70
667,officer,12-28-11,-4.0677,27
668,officer,12-28-10,0.8971,14
669,officer,12-28-14,-169.2634,1246
670,officer,02-21-14,-49.7438,595
671,officer,02-21-13,-24.9161,235
672,officer,02-21-12,-6.599,58
673,officer,02-21-11,2.6264,14
674,officer,02-21-10,-1.3994,14
675,officer,07-28-11,-0.1231,13
676,officer,07-28-10,-0.7717,3
677,officer,07-28-13,-11.1692,230
678,officer,07-28-12,3.2244,45
679,officer,07-28-14,-50.021,512
680,officer,10-21-14,-275.8994,1877
681,officer,10-21-10,2.2102,8
682,officer,10-21-11,-4.1835,78
683,officer,10-21-12,-17.1979,151
684,officer,10-21-13,-29.7558,425
685,officer,08-28-10,-0.6112,8
686,officer,07-0-14,-77.929,592
687,officer,08-28-12,-3.9742,66
688,officer,08-28-13,-17.5279,187
689,officer,08-28-14,-90.2704,782
690,officer,07-0-10,2.2827,15
691,officer,07-0-13,-18.5839,323
692,officer,07-0-12,3.5831,72
693,officer,11-21-14,-3520.8264,17834
694,officer,11-21-13,-29.543,369
695,officer,11-21-12,-3.0384,89
696,officer,11-21-11,4.0981,92
697,officer,11-21-10,-2.6784,9
698,officer,01-0-15,-117.5665,1003
699,officer,01-0-14,-3.436,222
700,officer,01-0-13,-1.4874,108
701,officer,01-0-12,-0.9367,52
702,officer,01-0-11,-1.2127,18
703,officer,01-0-10,-0.9104,7
704,officer,07-21-10,-1.2334,9
705,officer,07-21-11,0.353,40
706,officer,07-21-12,-12.7411,104
707,officer,07-21-13,-21.924,234
708,officer,07-21-14,-50.8145,725
709,officer,04-14-09,1.4309,4
710,officer,09-14-09,1.8115,7
711,officer,12-0-14,-1874.9809,8352
712,officer,12-0-13,-11.4644,316
713,officer,12-0-12,-9.8085,115
714,officer,12-0-11,-5.3231,58
715,officer,12-0-10,-2.3911,15
716,officer,04-21-09,0.0,1
717,officer,06-7-09,-0.2765,14
718,officer,01-7-09,-0.2468,4
719,officer,08-28-11,-0.4473,22
720,officer,01-21-14,-39.349,486
721,officer,01-21-15,-60.3333,685
722,officer,01-21-12,1.198,57
723,officer,01-21-13,-8.0733,195
724,officer,01-21-10,0.1119,5
725,officer,01-21-11,-2.78,23
726,officer,07-0-11,-10.6723,56
727,officer,05-14-09,-0.5426,10
728,officer,03-14-09,0.4819,3
729,officer,12-7-09,0.3142,8
730,officer,02-0-15,-3.8446,214
731,officer,02-0-12,0.2036,59
732,officer,02-0-13,-17.5756,156
733,officer,02-0-10,-2.2275,12
734,officer,02-0-11,-3.8527,14
735,officer,12-21-14,-2716.6822,10476
736,officer,12-21-12,-5.6221,228
737,officer,12-21-13,-3.2214,214
738,officer,12-21-10,-0.6334,19
739,officer,12-21-11,-5.5155,37
740,officer,02-14-10,-3.6086,12
741,officer,02-14-11,-2.269,33
742,officer,02-14-12,4.2681,67
743,officer,02-14-13,-15.6148,230
744,officer,02-14-14,-24.4594,425
745,officer,03-0-11,-2.374,31
746,officer,03-0-10,-0.1713,12
747,officer,03-0-13,-8.7242,158
748,officer,03-0-12,-1.5861,48
749,officer,03-0-14,-30.472,474
750,officer,10-14-09,-0.223,9
751,officer,11-0-14,-59.5199,989
752,officer,11-0-12,-5.6105,91
753,officer,11-0-13,-41.1907,431
754,officer,11-0-10,-2.6737,19
755,officer,11-0-11,0.4076,49
756,officer,03-28-14,-4.5881,282
757,officer,03-28-11,-3.2619,18
758,officer,03-28-10,0.568,8
759,officer,03-28-13,-1.2791,101
760,officer,03-28-12,-7.1484,71
761,officer,11-14-10,0.7023,16
762,officer,11-14-11,-18.8419,130
763,officer,11-14-12,-10.9332,136
764,officer,11-14-13,-26.3112,354
765,officer,11-14-14,-191.8627,1874
766,officer,10-0-11,4.8476,22
767,officer,10-0-10,0.3069,13
768,officer,10-0-13,-86.1846,497
769,officer,10-0-12,2.6253,119
770,officer,10-0-14,-77.4334,922
771,officer,09-28-13,1.6665,108
772,officer,09-28-12,-3.4111,29
773,officer,09-28-11,0.5974,12
774,officer,09-28-10,0.2095,14
775,officer,09-28-14,-78.6128,849
776,police_officer,10-28-14,-48.3304,331
777,police_officer,10-28-11,-1.6574,22
778,police_officer,10-28-10,0.8272,3
779,police_officer,10-28-13,-7.9905,62
780,police_officer,10-28-12,0.7273,29
781,police_officer,04-28-14,-18.6621,95
782,police_officer,04-28-10,-0.5859,1
783,police_officer,04-28-11,-1.4832,6
784,police_officer,04-28-12,1.4987,7
785,police_officer,04-28-13,-5.0543,31
786,police_officer,04-7-14,-28.0036,168
787,police_officer,04-7-13,-12.1701,75
788,police_officer,04-7-12,-0.483,30
789,police_officer,04-7-11,-2.3699,26
790,police_officer,04-7-10,0.3842,7
791,police_officer,12-28-08,-0.1406,1
792,police_officer,12-28-09,-1.4223,3
793,police_officer,07-28-09,-2.0371,5
794,police_officer,02-21-09,0.4215,1
795,police_officer,09-21-09,-0.1667,3
796,police_officer,09-21-08,0.8122,1
797,police_officer,08-21-09,-0.0379,2
798,police_officer,02-7-15,-1.3488,19
799,police_officer,02-7-14,-10.5629,134
800,police_officer,02-7-11,-2.1932,9
801,police_officer,02-7-10,-0.3987,2
802,police_officer,02-7-13,-30.4024,179
803,police_officer,02-7-12,1.1308,26
804,police_officer,06-0-09,-0.7691,3
805,police_officer,11-21-08,0.25,2
806,police_officer,11-21-09,0.3252,3
807,police_officer,04-0-09,-0.6249,2
808,police_officer,11-7-14,-93.4613,541
809,police_officer,11-7-11,-0.6805,39
810,police_officer,11-7-10,0.1511,1
811,police_officer,05-7-09,0.9799,5
812,police_officer,11-7-12,-0.5638,43
813,police_officer,05-21-09,-0.2171,3
814,police_officer,04-14-14,-8.7702,136
815,police_officer,04-14-12,-3.2812,29
816,police_officer,04-14-13,-102.7701,607
817,police_officer,04-14-10,-0.6901,3
818,police_officer,04-14-11,0.6748,8
819,police_officer,05-0-13,-13.8193,58
820,police_officer,05-0-12,-2.56,21
821,police_officer,05-0-11,-1.2229,7
822,police_officer,05-0-10,-0.8232,5
823,police_officer,05-0-14,-25.2919,149
824,police_officer,01-14-15,-22.7284,234
825,police_officer,01-14-14,-38.2922,190
826,police_officer,01-14-11,-3.2386,11
827,police_officer,01-14-10,0.0,1
828,police_officer,01-14-13,-10.6469,77
829,police_officer,01-14-12,-1.8984,15
830,police_officer,12-0-09,-0.986,7
831,police_officer,12-14-14,-344.7044,1423
832,police_officer,12-14-11,-8.7144,24
833,police_officer,12-14-10,-3.9652,12
834,police_officer,12-14-13,-10.1374,112
835,police_officer,12-14-12,-17.2598,147
836,police_officer,01-7-10,-0.3412,1
837,police_officer,01-7-11,-5.4159,8
838,police_officer,01-7-12,-6.124,23
839,police_officer,01-7-13,-4.5446,62
840,police_officer,01-7-14,-20.1879,171
841,police_officer,01-7-15,-123.1862,510
842,police_officer,08-28-08,0.3612,1
843,police_officer,12-7-10,0.0,10
844,police_officer,12-7-11,-19.491,70
845,police_officer,12-7-12,-6.3658,42
846,police_officer,12-7-13,-31.5363,145
847,police_officer,12-7-14,-289.7734,1468
848,police_officer,03-28-09,-1.0105,2
849,police_officer,10-0-08,-0.3182,1
850,police_officer,10-0-09,0.7091,4
851,police_officer,09-0-14,-77.9982,449
852,police_officer,09-0-13,-14.9154,84
853,police_officer,09-0-12,-2.8483,31
854,police_officer,09-0-11,0.0868,17
855,police_officer,09-0-10,0.5253,2
856,police_officer,11-7-13,-11.3113,94
857,police_officer,10-28-09,0.126,1
858,police_officer,06-14-09,-0.6808,2
859,police_officer,06-14-08,0.0,1
860,police_officer,07-7-09,-0.6394,5
861,police_officer,06-28-14,-10.7592,82
862,police_officer,06-28-12,-2.6937,14
863,police_officer,06-28-13,-0.7319,40
864,police_officer,06-28-10,-3.4245,5
865,police_officer,06-28-11,-1.4517,4
866,police_officer,08-14-09,-0.0341,4
867,police_officer,06-21-13,-11.5979,117
868,police_officer,06-21-12,-6.7982,35
869,police_officer,06-21-11,-1.0222,6
870,police_officer,06-21-10,-1.0763,5
871,police_officer,06-21-14,-7.8547,173
872,police_officer,09-7-09,0.9766,5
873,police_officer,04-7-08,-0.4385,1
874,police_officer,04-7-09,0.1559,2
875,police_officer,09-21-14,-107.1198,587
876,police_officer,09-21-12,-3.4624,44
877,police_officer,09-21-13,-10.7489,123
878,police_officer,09-21-10,-0.296,2
879,police_officer,09-21-11,-25.2842,65
880,police_officer,04-21-14,-22.3363,192
881,police_officer,04-21-11,0.5639,8
882,police_officer,04-21-10,-4.4715,9
883,police_officer,04-21-13,-19.5284,108
884,police_officer,04-21-12,-0.9364,17
885,police_officer,02-7-09,0.0,1
886,police_officer,06-0-12,-0.8911,20
887,police_officer,06-0-13,-9.3463,68
888,police_officer,06-0-10,-0.8781,7
889,police_officer,06-0-11,-1.017,14
890,police_officer,06-0-14,-51.451,206
891,police_officer,11-28-09,-7.3611,17
892,police_officer,04-0-10,0.4215,1
893,police_officer,04-0-11,-0.6743,14
894,police_officer,04-0-12,-7.259,37
895,police_officer,04-0-13,-11.6365,70
896,police_officer,04-0-14,-10.6082,171
897,police_officer,05-21-12,-4.8609,25
898,police_officer,05-21-13,-16.1099,98
899,police_officer,05-21-10,-0.1295,3
900,police_officer,05-21-11,-3.4873,11
901,police_officer,05-21-14,-18.0934,199
902,police_officer,05-7-14,-38.2401,253
903,police_officer,11-7-09,-0.0805,2
904,police_officer,05-7-10,-0.9118,1
905,police_officer,05-7-11,-0.6493,14
906,police_officer,05-7-12,-7.8786,31
907,police_officer,05-7-13,-10.2392,83
908,police_officer,05-0-09,0.252,3
909,police_officer,05-28-14,-9.7072,122
910,police_officer,05-28-13,-19.1955,52
911,police_officer,05-28-12,0.2275,19
912,police_officer,05-28-11,-0.0769,3
913,police_officer,05-28-10,-0.2849,2
914,police_officer,03-7-09,-0.7236,1
915,police_officer,08-7-13,-11.3653,77
916,police_officer,08-7-12,-3.5646,40
917,police_officer,08-7-11,-9.6019,48
918,police_officer,08-7-10,-0.1234,3
919,police_officer,08-7-14,-296.2142,1208
920,police_officer,12-14-09,-0.2925,3
921,police_officer,10-7-08,-0.5563,1
922,police_officer,10-7-07,0.0,1
923,police_officer,08-0-09,-0.3851,8
924,police_officer,03-21-09,-3.2174,6
925,police_officer,10-7-11,-4.0506,28
926,police_officer,07-14-14,-70.6262,289
927,police_officer,07-14-13,-29.5086,208
928,police_officer,07-14-12,-5.9203,39
929,police_officer,07-14-11,0.6625,18
930,police_officer,07-14-10,-2.3092,4
931,police_officer,08-21-11,-2.8968,20
932,police_officer,10-7-13,-12.9123,89
933,police_officer,01-28-11,-1.7472,9
934,police_officer,10-21-09,0.0,2
935,police_officer,08-28-09,-0.7177,1
936,police_officer,01-28-10,0.6705,1
937,police_officer,01-28-15,-8.7683,81
938,police_officer,09-0-09,1.1895,4
939,police_officer,06-14-14,-25.2825,169
940,police_officer,06-14-10,-1.6781,6
941,police_officer,06-14-11,-1.6048,13
942,police_officer,06-14-12,-3.3492,35
943,police_officer,06-14-13,-21.4478,94
944,police_officer,07-21-09,-1.0743,7
945,police_officer,07-7-14,-50.6716,234
946,police_officer,07-7-12,-5.5934,50
947,police_officer,07-7-13,-42.1891,168
948,police_officer,07-7-10,-5.0257,13
949,police_officer,07-7-11,-2.5005,11
950,police_officer,09-14-14,-62.7703,454
951,police_officer,09-14-11,-4.6206,26
952,police_officer,09-14-10,-1.1968,2
953,police_officer,09-14-13,-27.6945,180
954,police_officer,09-14-12,-0.7038,44
955,police_officer,02-0-14,-13.2709,136
956,police_officer,06-21-09,-0.296,2
957,police_officer,08-14-12,-7.4469,38
958,police_officer,08-14-13,-23.1125,99
959,police_officer,08-14-10,0.51,6
960,police_officer,08-14-11,-2.3651,18
961,police_officer,08-14-14,-1051.4225,4842
962,police_officer,06-7-11,0.0817,14
963,police_officer,06-7-10,0.0386,7
964,police_officer,06-7-13,-6.0674,84
965,police_officer,06-7-12,-4.5345,40
966,police_officer,06-7-14,-99.1492,344
967,police_officer,09-7-10,0.7852,6
968,police_officer,09-7-11,-1.0953,31
969,police_officer,09-7-12,-8.506,56
970,police_officer,09-7-13,-7.3133,94
971,police_officer,09-7-14,-113.0346,530
972,police_officer,11-0-09,0.5123,5
973,police_officer,11-0-08,0.6249,1
974,police_officer,08-21-10,-0.8271,2
975,police_officer,05-14-11,-1.4602,8
976,police_officer,05-14-10,-1.8179,6
977,police_officer,05-14-13,-19.1158,93
978,police_officer,05-14-12,-7.2042,44
979,police_officer,05-14-14,-11.4296,210
980,police_officer,02-28-12,0.8964,8
981,police_officer,02-28-13,-0.1031,11
982,police_officer,08-21-13,-6.7125,77
983,police_officer,02-28-11,-0.3632,2
984,police_officer,02-28-14,-2.5098,14
985,police_officer,03-14-13,-4.9311,64
986,police_officer,03-14-12,-1.0793,27
987,police_officer,03-14-11,0.5712,6
988,police_officer,04-21-09,-0.5423,1
989,police_officer,03-14-14,-23.1065,138
990,police_officer,12-21-09,0.4434,3
991,police_officer,11-28-12,-0.6751,31
992,police_officer,11-28-13,-2.1134,41
993,police_officer,11-28-10,-2.1131,6
994,police_officer,11-28-11,-1.6583,13
995,police_officer,11-28-14,-246.259,1086
996,police_officer,10-14-13,-4.4152,118
997,police_officer,10-14-12,-8.6283,55
998,police_officer,10-14-11,-3.5431,30
999,police_officer,10-14-10,-0.9864,3
1000,police_officer,10-14-14,-79.6419,514
1001,police_officer,11-14-09,-1.1767,5
1002,police_officer,05-28-09,-0.802,2
1003,police_officer,03-7-12,-2.2824,24
1004,police_officer,03-7-13,-14.3019,66
1005,police_officer,03-7-10,-0.8842,4
1006,police_officer,03-7-11,-4.4035,15
1007,police_officer,03-7-14,-0.2837,142
1008,police_officer,08-7-08,0.5719,1
1009,police_officer,08-7-09,-1.9022,3
1010,police_officer,07-14-09,-1.1349,3
1011,police_officer,04-28-09,-0.9617,3
1012,police_officer,10-7-12,-1.9917,45
1013,police_officer,01-28-12,-2.9397,16
1014,police_officer,10-7-10,-1.295,7
1015,police_officer,08-21-12,-7.1208,50
1016,police_officer,08-21-14,-373.1538,1709
1017,police_officer,10-7-14,-220.2333,1025
1018,police_officer,01-28-14,-11.7724,89
1019,police_officer,08-0-14,-56.931,263
1020,police_officer,08-0-10,0.0,2
1021,police_officer,08-0-11,-3.9637,14
1022,police_officer,08-0-12,-3.1243,33
1023,police_officer,08-0-13,-9.2312,76
1024,police_officer,03-21-14,-24.2924,188
1025,police_officer,03-21-10,0.0,2
1026,police_officer,03-21-11,-3.1494,14
1027,police_officer,03-21-12,-5.6332,48
1028,police_officer,03-21-13,-4.8503,55
1029,police_officer,12-28-13,3.1398,43
1030,police_officer,12-28-12,1.0891,37
1031,police_officer,12-28-11,-0.7507,15
1032,police_officer,12-28-10,-0.3792,2
1033,police_officer,12-28-14,-102.3119,508
1034,police_officer,02-21-14,-17.6598,147
1035,police_officer,02-21-13,-13.731,85
1036,police_officer,02-21-12,-3.1042,25
1037,police_officer,02-21-11,0.385,7
1038,police_officer,02-21-10,-0.2309,4
1039,police_officer,07-28-11,0.2082,5
1040,police_officer,07-28-10,0.112,3
1041,police_officer,07-28-13,-13.6594,60
1042,police_officer,07-28-12,-2.9763,21
1043,police_officer,07-28-14,-37.0474,186
1044,police_officer,10-21-14,-141.9232,728
1045,police_officer,10-21-10,-0.9887,2
1046,police_officer,10-21-11,-3.1845,35
1047,police_officer,10-21-12,-11.9645,61
1048,police_officer,10-21-13,-11.779,104
1049,police_officer,08-28-10,-0.3865,3
1050,police_officer,07-0-14,-33.3053,213
1051,police_officer,08-28-12,3.031,23
1052,police_officer,08-28-13,-7.6193,60
1053,police_officer,07-0-11,-6.5105,19
1054,police_officer,07-0-10,-1.528,4
1055,police_officer,07-0-13,-20.3705,142
1056,police_officer,07-0-12,-4.0741,24
1057,police_officer,11-21-14,-2717.6385,11857
1058,police_officer,11-21-13,-16.5637,104
1059,police_officer,11-21-12,-2.1851,37
1060,police_officer,11-21-11,-2.2821,18
1061,police_officer,11-21-10,0.6908,4
1062,police_officer,04-21-08,-0.3382,1
1063,police_officer,01-0-15,-42.934,406
1064,police_officer,01-0-14,-0.3491,71
1065,police_officer,01-0-13,-5.8847,44
1066,police_officer,01-0-12,-1.6414,22
1067,police_officer,01-0-11,-3.3167,12
1068,police_officer,01-0-10,0.6295,3
1069,police_officer,07-21-10,-2.5863,5
1070,police_officer,07-21-11,-4.3677,18
1071,police_officer,07-21-12,-6.1741,54
1072,police_officer,07-21-13,-19.2644,117
1073,police_officer,07-21-14,-42.8625,243
1074,police_officer,04-14-09,0.0,1
1075,police_officer,12-0-14,-1226.7923,5010
1076,police_officer,12-0-13,-11.792,117
1077,police_officer,12-0-12,-4.5503,42
1078,police_officer,12-0-11,-2.2613,13
1079,police_officer,12-0-10,-1.9633,5
1080,police_officer,03-14-10,-1.1649,5
1081,police_officer,06-7-09,-0.128,1
1082,police_officer,08-28-11,0.1896,4
1083,police_officer,01-21-14,-33.8045,174
1084,police_officer,01-21-15,-11.5841,191
1085,police_officer,01-21-12,-1.3068,24
1086,police_officer,01-21-13,-4.7373,66
1087,police_officer,01-21-10,0.5361,2
1088,police_officer,01-21-11,-5.7063,14
1089,police_officer,08-28-14,-61.5582,345
1090,police_officer,05-14-09,0.7649,2
1091,police_officer,03-14-09,0.0,1
1092,police_officer,12-7-09,-1.9863,11
1093,police_officer,02-0-15,-10.9111,78
1094,police_officer,02-0-12,-3.464,25
1095,police_officer,02-0-13,-3.0932,51
1096,police_officer,02-0-10,-0.2702,6
1097,police_officer,02-0-11,-2.3833,10
1098,police_officer,12-21-14,-1586.3672,5235
1099,police_officer,12-21-12,-13.3576,173
1100,police_officer,12-21-13,-7.4475,91
1101,police_officer,12-21-10,-0.4481,7
1102,police_officer,12-21-11,-1.6915,16
1103,police_officer,02-14-10,-1.3996,7
1104,police_officer,02-14-11,-1.0364,8
1105,police_officer,02-14-12,-4.356,19
1106,police_officer,02-14-13,-7.5363,59
1107,police_officer,02-14-14,-30.8647,175
1108,police_officer,03-0-11,-0.2639,6
1109,police_officer,03-0-10,-1.5432,6
1110,police_officer,03-0-13,-8.4965,50
1111,police_officer,03-0-12,-0.1853,28
1112,police_officer,03-0-14,-13.1395,122
1113,police_officer,10-14-09,-1.3777,2
1114,police_officer,11-0-14,-29.4427,350
1115,police_officer,11-0-12,-3.3398,49
1116,police_officer,11-0-13,-13.3532,105
1117,police_officer,11-0-10,-2.0555,7
1118,police_officer,11-0-11,-3.6344,18
1119,police_officer,03-28-14,-4.033,91
1120,police_officer,03-28-11,-1.6316,8
1121,police_officer,03-28-10,0.1501,1
1122,police_officer,03-28-13,-1.6406,29
1123,police_officer,03-28-12,-0.7989,34
1124,police_officer,11-14-10,-0.6031,3
1125,police_officer,11-14-11,-6.9125,47
1126,police_officer,11-14-12,-0.2556,33
1127,police_officer,11-14-13,-20.2856,107
1128,police_officer,11-14-14,-167.7374,777
1129,police_officer,10-0-11,-4.7354,16
1130,police_officer,10-0-10,0.6124,4
1131,police_officer,10-0-13,-56.4264,268
1132,police_officer,10-0-12,-3.7025,33
1133,police_officer,10-0-14,-51.4638,323
1134,police_officer,09-28-13,-3.2552,26
1135,police_officer,09-28-12,2.0117,11
1136,police_officer,09-28-11,-1.8512,12
1137,police_officer,09-28-10,-1.1065,4
1138,police_officer,01-28-13,-6.4448,57
1139,police_officer,09-28-14,-61.6761,506
1140,juror,01-28-12,-2.2188,8
1141,juror,01-28-13,0.2418,14
1142,juror,10-7-13,-13.852,46
1143,juror,08-21-13,-4.5072,58
1144,juror,08-21-12,-1.903,12
1145,juror,10-28-11,-2.2287,4
1146,juror,08-21-14,1.5183,126
1147,juror,01-28-15,-12.2757,97
1148,juror,01-28-14,-1.7032,25
1149,juror,01-14-12,-1.4376,11
1150,juror,10-28-14,-7.7337,72
1151,juror,04-7-12,1.3178,7
1152,juror,07-14-14,-7.3015,65
1153,juror,07-14-13,-558.045,4585
1154,juror,07-14-12,-2.6346,14
1155,juror,07-14-11,-2.0243,15
1156,juror,07-14-10,0.0,1
1157,juror,08-0-14,-10.3944,54
1158,juror,10-28-12,-1.6956,9
1159,juror,08-0-10,-0.7935,2
1160,juror,08-0-11,0.7457,8
1161,juror,08-0-12,-3.6605,11
1162,juror,08-0-13,-2.9629,44
1163,juror,09-28-09,-1.294,2
1164,juror,07-14-09,-0.073,3
1165,juror,07-28-14,-0.0969,85
1166,juror,03-21-14,-5.1326,39
1167,juror,08-21-11,-2.9711,8
1168,juror,09-0-14,-2.9234,75
1169,juror,09-0-13,0.4601,13
1170,juror,09-0-12,-7.7669,92
1171,juror,03-21-12,-1.7341,15
1172,juror,03-21-13,-1.6875,77
1173,juror,10-7-10,1.0363,4
1174,juror,10-21-09,0.8402,2
1175,juror,01-28-10,0.1445,3
1176,juror,10-7-11,0.5323,3
1177,juror,10-0-09,1.0299,10
1178,juror,04-28-14,4.8984,65
1179,juror,04-28-10,0.0,1
1180,juror,04-28-11,-0.8271,2
1181,juror,12-28-14,1.0904,11
1182,juror,02-21-14,-21.8403,184
1183,juror,02-21-13,-3.0845,55
1184,juror,10-28-13,-4.9153,31
1185,juror,02-21-11,-0.9236,4
1186,juror,02-21-10,0.8188,4
1187,juror,07-28-10,0.0,1
1188,juror,07-28-13,-3.5284,85
1189,juror,07-28-12,0.1036,2
1190,juror,08-14-10,0.5832,6
1191,juror,01-21-11,0.0,1
1192,juror,09-7-08,-0.6705,1
1193,juror,03-28-13,-1.648,17
1194,juror,06-28-14,-1.6889,19
1195,juror,06-28-12,0.0809,5
1196,juror,04-14-14,-4.3073,63
1197,juror,06-28-11,-0.4969,20
1198,juror,10-21-14,-26.8258,353
1199,juror,08-7-11,-1.1461,7
1200,juror,04-7-14,-8.6274,71
1201,juror,04-7-13,-3.2129,117
1202,juror,01-0-11,0.0937,5
1203,juror,10-21-12,0.1006,16
1204,juror,10-21-13,-3.1806,45
1205,juror,06-21-13,-8.635,178
1206,juror,06-21-12,-6.1084,46
1207,juror,06-21-11,-2.1359,30
1208,juror,06-21-10,-1.4842,3
1209,juror,06-21-14,-4.2033,45
1210,juror,06-14-14,-0.3262,33
1211,juror,12-28-09,-0.4717,1
1212,juror,06-14-10,0.4373,3
1213,juror,06-14-11,-1.0281,14
1214,juror,06-14-12,-1.5037,10
1215,juror,06-14-13,-8.0734,199
1216,juror,08-28-10,-0.5118,5
1217,juror,08-28-11,-1.2467,12
1218,juror,08-28-12,-1.5771,13
1219,juror,08-28-13,-0.2188,41
1220,juror,07-0-11,-35.3423,229
1221,juror,07-0-10,-1.341,4
1222,juror,07-0-13,-5.7676,138
1223,juror,06-28-13,-4.4468,40
1224,juror,07-21-09,0.4215,1
1225,juror,11-21-14,75.5519,1444
1226,juror,11-21-13,-0.1384,27
1227,juror,11-21-12,-0.428,5
1228,juror,11-21-11,0.1299,3
1229,juror,11-21-10,0.699,2
1230,juror,07-7-14,-2.3656,32
1231,juror,12-14-12,-0.1074,4
1232,juror,07-7-12,2.0724,10
1233,juror,07-7-13,-26.2681,672
1234,juror,07-7-10,-0.4206,2
1235,juror,07-7-11,-25.1185,161
1236,juror,09-14-14,-1.9942,47
1237,juror,09-14-11,-3.1411,16
1238,juror,09-14-10,0.3182,2
1239,juror,09-14-13,-2.4787,44
1240,juror,09-14-12,-1.1375,7
1241,juror,02-7-12,-3.4307,12
1242,juror,12-7-09,0.4588,2
1243,juror,11-21-09,-0.4419,2
1244,juror,06-21-08,0.5413,1
1245,juror,06-21-09,-0.4215,2
1246,juror,05-28-14,-5.3025,30
1247,juror,03-28-14,-2.9828,19
1248,juror,08-14-12,1.4475,13
1249,juror,08-14-13,3.8744,70
1250,juror,01-0-15,-5.1784,93
1251,juror,01-0-14,-2.6106,11
1252,juror,01-0-13,-0.1562,4
1253,juror,01-0-12,-1.8292,6
1254,juror,08-14-14,-1.565,161
1255,juror,10-21-11,-1.089,10
1256,juror,02-7-15,2.9149,33
1257,juror,02-7-14,-12.8594,163
1258,juror,07-0-09,0.1531,1
1259,juror,02-7-11,-0.6637,2
1260,juror,04-7-11,-0.2553,20
1261,juror,02-7-13,-4.1409,18
1262,juror,05-0-12,0.71,9
1263,juror,07-0-14,-1.3875,33
1264,juror,02-28-12,-0.0931,5
1265,juror,01-7-10,1.1743,3
1266,juror,09-21-14,-21.7431,164
1267,juror,09-21-12,0.9002,6
1268,juror,09-21-13,-2.4157,23
1269,juror,09-21-10,0.6876,6
1270,juror,09-21-11,-7.3166,42
1271,juror,07-21-10,-0.7539,1
1272,juror,07-21-11,0.5879,5
1273,juror,07-21-12,-0.3103,13
1274,juror,07-21-13,-151.0024,700
1275,juror,07-21-14,-2.0495,43
1276,juror,01-7-12,-5.6693,26
1277,juror,04-21-14,-2.5026,44
1278,juror,04-21-11,-0.4591,5
1279,juror,04-21-10,-0.2465,1
1280,juror,04-21-13,-0.6383,62
1281,juror,04-21-12,-0.2488,4
1282,juror,06-7-11,-4.6075,25
1283,juror,12-21-12,-0.6808,3
1284,juror,06-7-13,-11.2958,299
1285,juror,06-7-12,-1.4501,12
1286,juror,06-7-14,-7.2613,68
1287,juror,12-21-13,0.3069,7
1288,juror,09-7-10,-0.5574,4
1289,juror,03-14-13,-7.7722,42
1290,juror,09-7-12,0.6889,41
1291,juror,09-7-13,-12.4241,85
1292,juror,09-7-14,-10.1509,107
1293,juror,10-28-10,0.3182,1
1294,juror,03-14-12,-1.4929,10
1295,juror,01-21-09,0.9557,2
1296,juror,02-0-12,0.4691,8
1297,juror,12-0-14,5.505,474
1298,juror,12-0-13,-1.0786,20
1299,juror,12-0-12,2.8095,11
1300,juror,12-0-11,0.325,4
1301,juror,11-0-09,0.3802,1
1302,juror,11-7-14,-4.9374,113
1303,juror,03-14-10,-0.6667,3
1304,juror,11-7-11,-3.1359,25
1305,juror,11-7-10,-0.3303,2
1306,juror,11-7-13,-3.7633,72
1307,juror,11-7-12,-2.7333,12
1308,juror,09-0-10,0.5106,2
1309,juror,02-7-09,0.0,1
1310,juror,05-14-11,-2.9502,26
1311,juror,05-14-10,-0.9118,1
1312,juror,05-14-13,-16.174,104
1313,juror,05-14-12,0.8095,4
1314,juror,04-14-12,0.4714,5
1315,juror,04-14-13,-0.0274,66
1316,juror,04-14-11,2.1171,7
1317,juror,06-0-12,1.9328,22
1318,juror,06-0-13,-2.533,62
1319,juror,06-0-10,0.0,1
1320,juror,06-0-11,-1.0853,12
1321,juror,02-7-10,-1.1292,2
1322,juror,06-0-14,-3.5946,47
1323,juror,05-0-13,-1.9236,142
1324,juror,02-28-13,0.4532,18
1325,juror,05-0-11,-2.7407,13
1326,juror,02-28-11,0.659,1
1327,juror,05-14-14,-0.7022,147
1328,juror,02-28-14,0.5357,8
1329,juror,05-0-14,-0.578,89
1330,juror,01-14-15,-11.1217,96
1331,juror,01-14-14,-12.8192,47
1332,juror,04-21-09,-0.5267,1
1333,juror,04-0-12,0.5935,4
1334,juror,01-14-13,-0.6908,15
1335,juror,03-14-14,-1.5698,29
1336,juror,04-0-11,-0.9821,8
1337,juror,08-21-10,-0.4939,2
1338,juror,04-0-13,1.9143,144
1339,juror,04-0-14,-3.5975,68
1340,juror,12-0-09,-0.456,2
1341,juror,02-0-13,6.6889,65
1342,juror,03-21-10,0.0,1
1343,juror,01-21-14,-11.0086,73
1344,juror,01-21-15,-8.8425,126
1345,juror,01-21-12,0.8974,6
1346,juror,01-21-13,2.6823,13
1347,juror,03-21-11,2.3791,31
1348,juror,05-21-12,-0.1884,12
1349,juror,05-21-13,-54.7881,412
1350,juror,05-21-10,0.7291,3
1351,juror,05-21-11,0.2645,2
1352,juror,09-0-11,-0.631,3
1353,juror,05-21-14,-1.0282,53
1354,juror,05-7-14,-7.1935,103
1355,juror,08-28-14,2.7084,22
1356,juror,11-7-09,0.0387,1
1357,juror,05-7-10,0.3182,2
1358,juror,05-7-11,-2.3002,19
1359,juror,05-7-12,-4.9255,22
1360,juror,05-7-13,-14.5984,195
1361,juror,02-0-10,-0.4215,3
1362,juror,02-14-09,0.4404,1
1363,juror,07-0-12,-1.3191,4
1364,juror,11-28-12,0.3279,2
1365,juror,11-28-13,-0.3659,3
1366,juror,11-28-10,0.4199,1
1367,juror,11-28-14,-1.7708,92
1368,juror,02-14-11,-1.2498,2
1369,juror,10-14-13,-2.3695,41
1370,juror,12-14-14,-6.7214,132
1371,juror,10-14-11,0.9717,6
1372,juror,12-14-11,-0.2902,4
1373,juror,12-14-10,0.0772,3
1374,juror,12-14-13,-2.9029,19
1375,juror,10-14-14,-2.6468,91
1376,juror,10-28-09,0.0,1
1377,juror,02-0-14,-5.8053,57
1378,juror,02-0-15,-4.3779,116
1379,juror,05-28-13,2.9159,106
1380,juror,05-28-12,-0.8194,18
1381,juror,05-28-11,0.212,5
1382,juror,05-28-10,-0.1531,1
1383,juror,10-7-14,-24.3856,240
1384,juror,01-7-11,0.0,1
1385,juror,12-21-14,0.6499,79
1386,juror,01-7-13,-2.386,6
1387,juror,01-7-14,-5.4763,65
1388,juror,01-7-15,-4.4889,103
1389,juror,02-14-10,-1.2925,3
1390,juror,03-0-11,0.2023,3
1391,juror,02-14-12,0.9681,5
1392,juror,02-14-13,-1.9924,27
1393,juror,02-14-14,-85.955,568
1394,juror,03-0-10,0.1071,6
1395,juror,08-7-13,0.9511,66
1396,juror,08-7-12,0.0561,16
1397,juror,03-0-13,-0.5423,72
1398,juror,08-7-10,0.3154,6
1399,juror,03-0-14,-3.8322,43
1400,juror,08-7-14,-3.8487,51
1401,juror,10-14-09,-1.1797,3
1402,juror,03-0-12,-3.1883,18
1403,juror,10-21-10,-1.5288,3
1404,juror,10-7-12,-0.8536,6
1405,juror,09-7-11,-0.9995,11
1406,juror,10-0-12,-0.8288,2
1407,juror,02-21-09,-0.3252,1
1408,juror,12-28-13,-1.1756,5
1409,juror,11-0-14,-9.4946,63
1410,juror,11-0-12,-0.5031,4
1411,juror,11-0-13,-7.5745,42
1412,juror,11-0-10,-0.7712,2
1413,juror,11-0-11,-7.4379,15
1414,juror,12-7-11,-1.0238,7
1415,juror,12-7-12,-1.0881,9
1416,juror,12-7-13,-4.4852,35
1417,juror,12-7-14,-17.1464,125
1418,juror,11-14-09,0.0,1
1419,juror,10-14-12,1.4138,11
1420,juror,10-7-09,0.835,4
1421,juror,03-7-12,0.0,1
1422,juror,03-7-13,-0.6277,89
1423,juror,03-7-10,0.658,1
1424,juror,03-7-11,-1.3816,2
1425,juror,03-28-11,-0.6042,5
1426,juror,03-28-10,-1.1425,3
1427,juror,03-7-14,-3.7724,41
1428,juror,03-28-12,-0.6225,4
1429,juror,11-14-10,-0.7179,2
1430,juror,11-14-11,-1.6328,4
1431,juror,11-14-12,-1.6064,7
1432,juror,11-14-13,-12.576,112
1433,juror,11-14-14,-18.4381,168
1434,juror,10-0-11,-0.0921,5
1435,juror,10-0-10,0.1779,2
1436,juror,10-0-13,1.3512,26
1437,juror,04-28-13,-2.346,18
1438,juror,10-0-14,-4.2149,178
1439,juror,08-14-09,0.128,1
1440,juror,09-28-13,-1.9117,4
1441,juror,09-28-12,-0.8176,2
1442,juror,09-28-11,0.713,7
1443,juror,09-28-10,-0.6369,2
1444,juror,09-28-14,-12.9016,151
1445,juror,09-7-09,-0.0258,2
1446,juror,08-7-09,0.0,1
1447,juror,04-7-09,0.4019,1
1448,juror,03-21-09,0.3595,2
1449,juror,02-21-12,-1.1626,16
1450,victim,10-28-14,-607.731,2085
1451,victim,10-28-11,-9.9041,45
1452,victim,10-28-10,-6.5634,16
1453,victim,10-28-13,-132.7074,479
1454,victim,10-28-12,-95.3106,388
1455,victim,06-28-09,-2.6726,5
1456,victim,01-28-10,-0.5755,5
1457,victim,01-28-09,-1.0172,3
1458,victim,04-28-14,-232.7891,869
1459,victim,04-28-10,-0.9696,5
1460,victim,04-28-11,-13.9272,56
1461,victim,04-28-12,-19.0815,53
1462,victim,04-28-13,-42.9782,208
1463,victim,04-7-14,-365.9203,1309
1464,victim,04-7-13,-164.6477,562
1465,victim,04-7-12,-45.1316,161
1466,victim,04-7-11,-12.85,57
1467,victim,04-7-10,-1.9752,13
1468,victim,12-28-08,-0.4043,2
1469,victim,12-28-09,-1.6328,5
1470,victim,07-28-08,-0.3612,1
1471,victim,07-28-09,0.4424,9
1472,victim,02-21-09,-1.4084,3
1473,victim,09-21-09,-2.8156,19
1474,victim,08-21-08,0.6597,1
1475,victim,08-21-09,-4.5315,19
1476,victim,02-7-15,-33.7689,136
1477,victim,02-7-14,-259.2382,985
1478,victim,07-0-09,-4.6047,16
1479,victim,02-7-11,-9.8162,31
1480,victim,02-7-10,-6.5162,20
1481,victim,02-7-13,-220.0502,664
1482,victim,02-7-12,-23.4658,140
1483,victim,06-0-09,-6.3806,15
1484,victim,06-0-08,-0.8689,1
1485,victim,06-0-07,0.8225,1
1486,victim,11-21-08,-0.276,3
1487,victim,11-21-09,-1.8698,13
1488,victim,01-0-09,-0.3818,1
1489,victim,04-0-09,-1.0138,6
1490,victim,11-7-14,-874.924,2997
1491,victim,11-7-11,-109.785,361
1492,victim,11-7-10,-6.3849,27
1493,victim,05-7-09,0.11,7
1494,victim,11-7-12,-112.9289,480
1495,victim,05-21-09,0.017,5
1496,victim,04-14-14,-338.9307,1266
1497,victim,04-14-12,-36.3279,156
1498,victim,04-14-13,-761.3698,2772
1499,victim,04-14-10,-6.4281,20
1500,victim,04-14-11,-15.3937,53
1501,victim,05-0-13,-119.0256,447
1502,victim,05-0-12,-30.3495,129
1503,victim,05-0-11,-21.797,186
1504,victim,05-0-10,-3.1559,16
1505,victim,05-0-14,-360.9113,1231
1506,victim,01-14-15,-335.0154,1329
1507,victim,01-14-14,-242.2512,880
1508,victim,01-14-11,-10.069,45
1509,victim,01-14-10,-8.895,43
1510,victim,01-14-13,-134.5933,587
1511,victim,01-14-12,-15.5071,91
1512,victim,12-0-09,-4.1027,18
1513,victim,12-14-14,-1509.35,4479
1514,victim,12-14-11,-15.6701,69
1515,victim,12-14-10,-20.8887,49
1516,victim,12-14-13,-214.0359,871
1517,victim,12-14-12,-694.2758,2211
1518,victim,01-7-10,-9.8629,35
1519,victim,01-7-11,-54.4806,222
1520,victim,01-7-12,-25.3834,104
1521,victim,01-7-13,-119.9763,414
1522,victim,01-7-14,-214.9135,849
1523,victim,01-7-15,-797.2638,2613
1524,victim,12-7-10,-5.4307,21
1525,victim,12-7-11,-41.5476,164
1526,victim,12-7-12,-86.5849,449
1527,victim,12-7-13,-202.4646,755
1528,victim,12-7-14,-1777.0153,4871
1529,victim,03-0-09,-1.9783,7
1530,victim,03-28-08,0.5719,1
1531,victim,03-28-09,-1.1009,5
1532,victim,10-0-08,-0.5461,2
1533,victim,10-0-09,-2.7057,19
1534,victim,09-28-09,-2.6256,28
1535,victim,09-0-14,-801.0347,2438
1536,victim,09-0-13,-131.4599,520
1537,victim,09-0-12,-39.9105,209
1538,victim,09-0-11,-17.7499,65
1539,victim,09-0-10,-1.0135,9
1540,victim,11-7-13,-201.6581,833
1541,victim,10-28-09,-1.0325,7
1542,victim,06-14-09,-2.7822,13
1543,victim,06-14-08,0.0,1
1544,victim,07-7-09,-1.5826,7
1545,victim,06-28-14,-147.4957,482
1546,victim,06-28-12,-8.1838,74
1547,victim,06-28-13,-69.786,217
1548,victim,06-28-10,-2.4128,5
1549,victim,06-28-11,-2.4734,23
1550,victim,08-14-09,-6.1786,18
1551,victim,06-21-13,-187.8402,648
1552,victim,06-21-12,-75.056,347
1553,victim,06-21-11,-10.4873,59
1554,victim,06-21-10,-4.9031,20
1555,victim,06-21-14,-348.0551,1230
1556,victim,09-7-09,-6.6603,34
1557,victim,09-7-08,-0.5106,2
1558,victim,04-7-08,0.4949,1
1559,victim,04-7-09,0.2739,14
1560,victim,09-21-14,-872.5394,2460
1561,victim,09-21-12,-33.841,237
1562,victim,09-21-13,-241.3795,783
1563,victim,09-21-10,-6.658,23
1564,victim,09-21-11,-23.8315,114
1565,victim,04-21-14,-302.8358,1204
1566,victim,04-21-11,-7.2096,46
1567,victim,04-21-10,-6.2856,24
1568,victim,04-21-13,-206.8771,790
1569,victim,04-21-12,-35.0971,125
1570,victim,02-28-09,-0.3612,1
1571,victim,02-7-08,0.2023,1
1572,victim,02-7-09,-5.7637,13
1573,victim,06-0-12,-44.5255,170
1574,victim,06-0-13,-136.157,482
1575,victim,06-0-10,-1.5108,14
1576,victim,06-0-11,-18.6092,65
1577,victim,06-0-14,-368.8594,1283
1578,victim,11-28-09,-2.3719,5
1579,victim,11-28-08,-1.0725,2
1580,victim,04-0-10,-4.9568,19
1581,victim,04-0-11,-11.7186,38
1582,victim,04-0-12,-26.0767,128
1583,victim,04-0-13,-108.6944,409
1584,victim,04-0-14,-311.8322,1204
1585,victim,05-21-12,-31.9727,139
1586,victim,05-21-13,-268.0341,1110
1587,victim,05-21-10,-9.6119,20
1588,victim,05-21-11,-25.5512,98
1589,victim,05-21-14,-890.7369,2439
1590,victim,05-7-14,-345.6015,1237
1591,victim,11-7-09,-7.8648,36
1592,victim,05-7-10,-2.7407,20
1593,victim,05-7-11,-22.3201,61
1594,victim,05-7-12,-37.1736,147
1595,victim,05-7-13,-193.1398,721
1596,victim,01-14-09,-1.3809,3
1597,victim,05-0-09,-0.9865,8
1598,victim,05-28-14,-372.5983,1111
1599,victim,05-28-13,-57.6644,320
1600,victim,05-28-12,-20.3609,85
1601,victim,05-28-11,-10.4371,43
1602,victim,05-28-10,-0.9383,6
1603,victim,03-7-09,-1.6871,7
1604,victim,08-7-13,-164.6663,586
1605,victim,08-7-12,-47.9916,195
1606,victim,08-7-11,-18.362,70
1607,victim,08-7-10,-4.9811,12
1608,victim,08-7-14,-712.4525,2268
1609,victim,12-14-08,-0.9146,2
1610,victim,12-14-09,-3.0942,9
1611,victim,10-7-09,-6.6066,13
1612,victim,10-7-08,-0.7523,3
1613,victim,10-7-10,-5.8008,21
1614,victim,08-0-09,-2.9552,11
1615,victim,03-21-09,-0.6904,5
1616,victim,07-14-14,-786.7439,2359
1617,victim,07-14-13,-424.4217,1415
1618,victim,07-14-12,-388.496,1020
1619,victim,07-14-11,-18.6113,96
1620,victim,07-14-10,0.4191,26
1621,victim,01-28-13,-78.9171,307
1622,victim,08-21-10,-7.0146,21
1623,victim,01-28-11,-9.3025,21
1624,victim,10-21-09,-3.9078,10
1625,victim,08-28-09,-1.4371,11
1626,victim,10-7-11,-8.3073,70
1627,victim,01-28-15,-146.3711,532
1628,victim,09-0-09,-0.2595,10
1629,victim,06-14-14,-347.5445,1168
1630,victim,06-14-10,-10.5039,32
1631,victim,06-14-11,-12.1957,45
1632,victim,06-14-12,-40.0027,177
1633,victim,06-14-13,-155.3558,516
1634,victim,10-7-13,-165.7494,547
1635,victim,07-21-09,-1.3764,14
1636,victim,07-7-14,-542.2126,1715
1637,victim,07-7-12,-60.2389,215
1638,victim,07-7-13,-306.1301,954
1639,victim,07-7-10,-7.8768,33
1640,victim,07-7-11,-10.3781,63
1641,victim,09-14-14,-754.1148,2365
1642,victim,09-14-11,-21.6358,79
1643,victim,09-14-10,-7.758,20
1644,victim,09-14-13,-409.4851,1439
1645,victim,09-14-12,-78.1494,360
1646,victim,02-0-14,-315.5774,1039
1647,victim,06-21-08,-0.2789,1
1648,victim,06-21-09,-5.6042,19
1649,victim,12-7-08,0.0,1
1650,victim,08-14-12,-94.9444,265
1651,victim,08-14-13,-149.0709,600
1652,victim,08-14-10,-10.0527,37
1653,victim,08-14-11,-19.2093,66
1654,victim,08-14-14,-1199.9312,4101
1655,victim,02-0-09,-0.4215,1
1656,victim,08-21-11,-18.759,83
1657,victim,06-7-11,-31.5032,75
1658,victim,06-7-10,-7.7426,18
1659,victim,06-7-13,-149.5615,539
1660,victim,06-7-12,-65.1327,330
1661,victim,06-7-14,-453.0798,1580
1662,victim,09-7-10,-7.6173,67
1663,victim,09-7-11,-42.975,252
1664,victim,09-7-12,-93.6978,548
1665,victim,09-7-13,-248.2953,1100
1666,victim,09-7-14,-1664.8011,5156
1667,victim,01-21-09,-1.3415,6
1668,victim,11-0-09,-12.9182,39
1669,victim,05-14-11,-7.1904,66
1670,victim,05-14-10,-6.1972,14
1671,victim,05-14-13,-174.6232,641
1672,victim,05-14-12,-32.087,152
1673,victim,05-14-14,-310.5821,1093
1674,victim,02-28-12,-19.8594,58
1675,victim,02-28-13,-21.066,78
1676,victim,02-28-10,-2.5381,5
1677,victim,02-28-11,-2.1642,7
1678,victim,02-28-14,-22.8466,115
1679,victim,03-14-13,-353.9791,813
1680,victim,03-14-12,-47.0429,147
1681,victim,03-14-11,-17.817,57
1682,victim,03-14-10,-3.619,9
1683,victim,03-14-14,-251.3644,889
1684,victim,12-21-09,-3.0906,7
1685,victim,02-14-09,-3.2239,6
1686,victim,11-28-12,-31.2334,151
1687,victim,11-28-13,-57.9192,205
1688,victim,11-28-10,-1.1496,4
1689,victim,11-28-11,-20.1088,62
1690,victim,11-28-14,-425.2941,1440
1691,victim,10-14-13,-225.5662,703
1692,victim,10-14-12,-62.9204,309
1693,victim,10-14-11,-12.148,80
1694,victim,10-14-10,-6.5242,40
1695,victim,10-14-14,-758.9765,2963
1696,victim,10-28-08,-0.7339,4
1697,victim,11-14-09,-4.7901,11
1698,victim,11-14-08,0.0,1
1699,victim,05-28-08,-0.6705,1
1700,victim,05-28-09,-3.0259,5
1701,victim,03-7-12,-29.6737,131
1702,victim,03-7-13,-118.7664,422
1703,victim,03-7-10,-5.0191,31
1704,victim,03-7-11,-21.8923,92
1705,victim,03-7-14,-314.7668,1062
1706,victim,08-7-09,-1.8389,9
1707,victim,07-14-09,-6.3078,15
1708,victim,04-28-09,0.3947,10
1709,victim,10-7-12,-64.3289,278
1710,victim,01-28-12,-16.391,66
1711,victim,08-21-13,-178.0487,659
1712,victim,08-21-12,-130.2374,352
1713,victim,08-21-14,-821.5305,2651
1714,victim,10-7-14,-856.4203,3076
1715,victim,01-28-14,-143.5901,570
1716,victim,08-0-14,-451.933,1465
1717,victim,08-0-10,-5.9709,22
1718,victim,08-0-11,-18.3764,60
1719,victim,08-0-12,-82.0,265
1720,victim,08-0-13,-180.0856,620
1721,victim,03-21-14,-341.9219,1213
1722,victim,03-21-10,-8.2147,14
1723,victim,03-21-11,-11.6259,42
1724,victim,03-21-12,-95.7351,273
1725,victim,03-21-13,-136.7694,442
1726,victim,12-28-13,-81.5054,325
1727,victim,12-28-12,-85.3304,230
1728,victim,12-28-11,-11.938,46
1729,victim,12-28-10,0.2279,19
1730,victim,12-28-14,-343.1258,1336
1731,victim,02-21-14,-251.076,932
1732,victim,02-21-13,-105.2578,410
1733,victim,02-21-12,-40.0437,134
1734,victim,02-21-11,-4.6182,31
1735,victim,02-21-10,-5.3601,19
1736,victim,07-28-11,-9.3663,27
1737,victim,07-28-10,-3.812,12
1738,victim,07-28-13,-94.1975,337
1739,victim,07-28-12,-27.7034,118
1740,victim,07-28-14,-418.3626,1309
1741,victim,10-21-14,-1119.6834,3759
1742,victim,10-21-10,-10.9367,32
1743,victim,10-21-11,-16.048,67
1744,victim,10-21-12,-132.0879,379
1745,victim,10-21-13,-190.3985,647
1746,victim,08-28-10,-3.336,13
1747,victim,07-0-14,-348.459,1204
1748,victim,08-28-12,-28.1719,161
1749,victim,08-28-13,-111.1563,335
1750,victim,08-28-14,-346.2088,1094
1751,victim,07-0-10,-5.2862,16
1752,victim,07-0-13,-143.1166,496
1753,victim,07-0-12,-29.6313,108
1754,victim,11-21-14,-2335.6126,7806
1755,victim,11-21-13,-199.6879,784
1756,victim,11-21-12,-38.6359,222
1757,victim,11-21-11,-16.7276,82
1758,victim,11-21-10,-3.0672,16
1759,victim,01-0-15,-349.0864,1334
1760,victim,01-0-14,-106.9549,479
1761,victim,01-0-13,-137.3665,408
1762,victim,01-0-12,-6.6424,68
1763,victim,01-0-11,-2.7323,19
1764,victim,01-0-10,-1.5231,9
1765,victim,07-21-10,-3.8085,23
1766,victim,07-21-11,-37.562,117
1767,victim,07-21-12,-170.5435,839
1768,victim,07-21-13,-169.4742,612
1769,victim,07-21-14,-771.2058,2457
1770,victim,04-14-09,-3.2901,9
1771,victim,09-14-08,-0.8732,4
1772,victim,09-14-09,-4.159,11
1773,victim,12-0-14,-1998.1584,5674
1774,victim,12-0-13,-213.3167,773
1775,victim,12-0-12,-75.9207,304
1776,victim,12-0-11,-18.1775,88
1777,victim,12-0-10,-3.5794,19
1778,victim,04-21-09,-0.8794,5
1779,victim,06-7-08,0.6628,1
1780,victim,06-7-09,-1.066,12
1781,victim,01-7-09,-0.6963,5
1782,victim,08-28-11,-5.2848,30
1783,victim,01-21-14,-298.6196,1149
1784,victim,01-21-15,-347.4941,1242
1785,victim,01-21-12,-24.1874,107
1786,victim,01-21-13,-113.8121,393
1787,victim,01-21-10,-4.1666,14
1788,victim,01-21-11,-2.2095,32
1789,victim,07-0-11,-29.2606,90
1790,victim,05-14-09,-1.885,8
1791,victim,03-14-09,-3.2729,7
1792,victim,12-7-09,-4.1519,9
1793,victim,02-0-15,-119.4724,471
1794,victim,02-0-12,-18.4632,85
1795,victim,02-0-13,-96.9113,323
1796,victim,02-0-10,-1.1896,10
1797,victim,02-0-11,-13.0356,30
1798,victim,12-21-14,-1088.4062,3562
1799,victim,12-21-12,-110.7292,398
1800,victim,12-21-13,-128.9275,507
1801,victim,12-21-10,-13.132,33
1802,victim,12-21-11,-10.2786,63
1803,victim,02-14-10,-1.9049,10
1804,victim,02-14-11,-9.7735,46
1805,victim,02-14-12,-17.3928,93
1806,victim,02-14-13,-124.7489,442
1807,victim,02-14-14,-319.1106,1108
1808,victim,03-0-11,-3.8426,32
1809,victim,03-0-10,-3.7679,12
1810,victim,03-0-13,-97.8484,309
1811,victim,03-0-12,-32.528,153
1812,victim,03-0-14,-183.7419,795
1813,victim,10-14-08,-0.499,8
1814,victim,10-14-09,-3.4097,13
1815,victim,11-0-14,-697.0858,2543
1816,victim,11-0-12,-188.1793,785
1817,victim,11-0-13,-210.4873,742
1818,victim,11-0-10,-0.698,14
1819,victim,11-0-11,-16.0798,86
1820,victim,03-28-14,-152.3937,586
1821,victim,03-28-11,-8.0426,20
1822,victim,03-28-10,-1.9198,13
1823,victim,03-28-13,-57.5463,215
1824,victim,03-28-12,-32.2618,104
1825,victim,11-14-10,-5.5492,25
1826,victim,11-14-11,-33.3125,108
1827,victim,11-14-12,-93.0137,409
1828,victim,11-14-13,-228.4349,909
1829,victim,11-14-14,-1437.4098,4253
1830,victim,10-0-11,-12.1301,56
1831,victim,10-0-10,-5.4397,17
1832,victim,10-0-13,-140.4687,527
1833,victim,10-0-12,-61.7594,215
1834,victim,10-0-14,-592.5797,2180
1835,victim,09-28-13,-43.2431,182
1836,victim,09-28-12,-13.3758,67
1837,victim,09-28-11,-9.8161,35
1838,victim,09-28-10,-4.2023,17
1839,victim,09-28-14,-531.8139,1303
1840,citizen,01-28-12,4.6189,62
1841,citizen,10-28-14,2.728,1640
1842,citizen,10-28-11,8.4764,37
1843,citizen,10-28-10,3.1183,18
1844,citizen,10-28-13,-12.287,439
1845,citizen,10-28-12,21.608,195
1846,citizen,01-28-11,5.6908,43
1847,citizen,06-28-09,0.0744,13
1848,citizen,01-28-09,-0.7003,1
1849,citizen,04-28-14,-14.383,481
1850,citizen,04-28-10,-2.6291,27
1851,citizen,04-28-11,-4.3233,30
1852,citizen,04-28-12,3.773,51
1853,citizen,04-28-13,1.1541,186
1854,citizen,04-7-14,-32.8347,1128
1855,citizen,04-7-13,-17.6434,432
1856,citizen,04-7-12,14.1861,118
1857,citizen,04-7-11,-1.6532,86
1858,citizen,04-7-10,0.0778,23
1859,citizen,12-28-09,2.6842,11
1860,citizen,07-28-09,-0.986,15
1861,citizen,02-21-08,-0.2294,2
1862,citizen,02-21-09,-1.4956,6
1863,citizen,09-21-09,0.1105,16
1864,citizen,09-21-08,0.4703,2
1865,citizen,08-21-08,0.296,1
1866,citizen,08-21-09,3.9524,24
1867,citizen,02-7-15,-0.8997,105
1868,citizen,02-7-14,4.7969,872
1869,citizen,07-0-08,0.0,1
1870,citizen,07-0-09,-2.9754,14
1871,citizen,02-7-11,8.6697,57
1872,citizen,02-7-10,2.5219,16
1873,citizen,02-7-13,-16.448,862
1874,citizen,02-7-12,13.1052,122
1875,citizen,06-0-09,4.0652,13
1876,citizen,11-21-08,-0.9886,15
1877,citizen,11-21-09,0.7888,11
1878,citizen,01-0-08,0.0,1
1879,citizen,01-0-09,0.2942,2
1880,citizen,04-0-09,-0.0326,16
1881,citizen,11-7-14,-9.6921,2384
1882,citizen,11-7-11,6.3917,92
1883,citizen,11-7-10,1.3852,29
1884,citizen,11-7-13,18.2099,548
1885,citizen,11-7-12,84.6902,682
1886,citizen,05-21-09,2.4487,13
1887,citizen,05-21-08,0.5733,2
1888,citizen,04-14-14,-17.447,1105
1889,citizen,04-14-12,13.5814,133
1890,citizen,04-14-13,-43.809,1483
1891,citizen,04-14-10,1.2715,28
1892,citizen,04-14-11,5.6871,61
1893,citizen,05-0-13,-12.1493,428
1894,citizen,05-0-12,-5.1392,120
1895,citizen,05-0-11,-0.7385,62
1896,citizen,05-0-10,-1.0053,30
1897,citizen,05-0-14,-37.3787,835
1898,citizen,01-14-15,22.6513,970
1899,citizen,01-14-14,-21.3171,788
1900,citizen,01-14-11,0.7027,41
1901,citizen,01-14-10,3.8031,20
1902,citizen,01-14-13,-50.6156,717
1903,citizen,01-14-12,2.1985,146
1904,citizen,12-0-08,1.1518,3
1905,citizen,12-0-09,2.3454,17
1906,citizen,12-14-14,-221.9543,3213
1907,citizen,12-14-11,-3.3967,192
1908,citizen,12-14-10,4.29,29
1909,citizen,12-14-13,8.4526,633
1910,citizen,12-14-12,-138.5501,865
1911,citizen,01-7-10,0.9472,22
1912,citizen,01-7-11,0.4841,58
1913,citizen,01-7-12,9.3664,100
1914,citizen,01-7-13,-28.7464,511
1915,citizen,01-7-14,0.7643,676
1916,citizen,01-7-15,-20.1239,1168
1917,citizen,08-28-08,1.1245,2
1918,citizen,12-7-10,-2.6177,31
1919,citizen,12-7-11,8.1591,121
1920,citizen,12-7-12,-3.3381,246
1921,citizen,12-7-13,-2.1385,617
1922,citizen,12-7-14,-441.2518,3630
1923,citizen,03-0-09,0.4714,8
1924,citizen,03-28-09,-0.7646,8
1925,citizen,10-0-08,1.5565,4
1926,citizen,10-0-09,3.9887,16
1927,citizen,09-28-08,0.4588,1
1928,citizen,09-28-09,-0.0662,8
1929,citizen,09-0-14,-110.1055,1538
1930,citizen,09-0-13,-28.8637,535
1931,citizen,09-0-12,4.0362,258
1932,citizen,09-0-11,3.9306,46
1933,citizen,09-0-10,2.2923,15
1934,citizen,10-28-08,1.1256,2
1935,citizen,10-28-09,4.4892,16
1936,citizen,06-14-09,-0.0516,28
1937,citizen,07-7-09,2.6135,11
1938,citizen,06-28-14,-1.9524,666
1939,citizen,06-28-12,35.2759,197
1940,citizen,06-28-13,11.8499,222
1941,citizen,06-28-10,-1.0981,16
1942,citizen,06-28-11,-2.971,41
1943,citizen,08-14-09,0.7801,27
1944,citizen,06-21-13,-2.7963,1074
1945,citizen,06-21-12,39.6398,239
1946,citizen,06-21-11,13.3703,91
1947,citizen,06-21-10,4.9583,31
1948,citizen,06-21-14,33.6037,1299
1949,citizen,09-7-09,1.901,27
1950,citizen,09-7-08,0.765,1
1951,citizen,04-7-09,0.9822,6
1952,citizen,09-21-14,-79.9981,2056
1953,citizen,09-21-12,10.831,260
1954,citizen,09-21-13,8.1303,802
1955,citizen,09-21-10,-0.5753,28
1956,citizen,09-21-11,-9.6554,111
1957,citizen,04-21-14,-31.8979,1087
1958,citizen,04-21-11,-3.0494,81
1959,citizen,04-21-10,10.7316,44
1960,citizen,04-21-13,-60.294,791
1961,citizen,04-21-12,7.8335,165
1962,citizen,02-7-09,0.4939,1
1963,citizen,06-0-12,8.9437,167
1964,citizen,06-0-13,-22.672,488
1965,citizen,06-0-10,1.514,31
1966,citizen,06-0-11,-5.6498,46
1967,citizen,06-0-14,-46.5503,1056
1968,citizen,11-28-09,0.2382,2
1969,citizen,04-0-10,1.5387,12
1970,citizen,04-0-11,6.4418,48
1971,citizen,04-0-12,2.6485,148
1972,citizen,04-0-13,-18.8998,413
1973,citizen,04-0-14,23.3459,926
1974,citizen,05-21-12,9.2385,137
1975,citizen,05-21-13,-56.0848,560
1976,citizen,05-21-10,2.882,35
1977,citizen,05-21-11,-1.351,57
1978,citizen,05-21-14,-5.7378,1102
1979,citizen,05-7-14,16.0655,943
1980,citizen,11-7-08,-0.5574,1
1981,citizen,11-7-09,-0.9147,26
1982,citizen,05-7-10,-2.5064,22
1983,citizen,05-7-11,1.5746,51
1984,citizen,05-7-12,10.2094,201
1985,citizen,05-7-13,-10.7284,432
1986,citizen,01-14-09,1.5378,5
1987,citizen,05-0-08,-0.2263,1
1988,citizen,05-0-09,0.5058,4
1989,citizen,05-28-14,-2.5873,711
1990,citizen,05-28-13,-12.7248,251
1991,citizen,05-28-12,8.2305,98
1992,citizen,05-28-11,-1.1728,25
1993,citizen,05-28-10,2.2478,15
1994,citizen,03-7-09,-0.6084,7
1995,citizen,03-7-08,-0.4767,1
1996,citizen,08-7-13,4.0404,473
1997,citizen,08-7-12,6.6044,186
1998,citizen,08-7-11,7.1319,84
1999,citizen,08-7-10,3.8295,17
2000,citizen,08-7-14,-246.3349,2163
2001,citizen,12-14-09,-0.1638,23
2002,citizen,10-7-09,2.6921,21
2003,citizen,10-7-08,0.7184,4
2004,citizen,08-0-09,1.2733,20
2005,citizen,03-21-09,0.5772,8
2006,citizen,10-7-11,-7.0779,85
2007,citizen,07-14-14,-221.2192,2292
2008,citizen,07-14-13,-40.3112,896
2009,citizen,07-14-12,-14.486,283
2010,citizen,07-14-11,2.7786,66
2011,citizen,07-14-10,5.7749,19
2012,citizen,01-28-13,-8.8344,311
2013,citizen,08-21-10,2.1782,28
2014,citizen,08-21-13,-17.9236,603
2015,citizen,10-21-09,4.8711,38
2016,citizen,10-21-08,-1.1356,3
2017,citizen,08-28-09,1.3335,13
2018,citizen,01-28-10,1.2733,29
2019,citizen,01-28-15,-1.0042,384
2020,citizen,09-0-08,-0.3182,1
2021,citizen,09-0-09,-0.3151,19
2022,citizen,06-14-14,-25.8188,1422
2023,citizen,05-7-09,3.1669,9
2024,citizen,06-14-10,0.8272,21
2025,citizen,06-14-11,1.8181,75
2026,citizen,06-14-12,-1.0788,198
2027,citizen,06-14-13,-25.0043,690
2028,citizen,07-21-09,-1.6,25
2029,citizen,07-7-14,-119.1154,1966
2030,citizen,07-7-12,0.2489,173
2031,citizen,07-7-13,7.9386,648
2032,citizen,07-7-10,0.7466,38
2033,citizen,07-7-11,-3.8138,68
2034,citizen,09-14-14,-44.3122,2131
2035,citizen,09-14-11,-8.1915,89
2036,citizen,09-14-10,-0.4889,21
2037,citizen,09-14-13,-4.0716,675
2038,citizen,09-14-12,-7.0304,313
2039,citizen,12-7-09,0.981,16
2040,citizen,06-21-09,0.5086,12
2041,citizen,08-14-12,0.0516,195
2042,citizen,08-14-13,-38.7215,605
2043,citizen,08-14-10,2.365,18
2044,citizen,08-14-11,0.9722,63
2045,citizen,08-14-14,-801.692,7623
2046,citizen,02-0-09,-0.4588,2
2047,citizen,08-21-11,3.1637,69
2048,citizen,06-7-11,-3.4481,47
2049,citizen,06-7-10,-2.6383,27
2050,citizen,06-7-13,1.2567,996
2051,citizen,06-7-12,5.278,186
2052,citizen,06-7-14,-71.5281,1317
2053,citizen,09-7-10,0.7715,14
2054,citizen,09-7-11,0.6904,84
2055,citizen,09-7-12,9.8198,463
2056,citizen,09-7-13,-6.953,617
2057,citizen,09-7-14,-40.1718,2177
2058,citizen,01-21-09,0.7691,1
2059,citizen,01-21-08,-0.5423,1
2060,citizen,11-0-09,-0.7077,21
2061,citizen,11-0-08,3.118,6
2062,citizen,11-0-07,-0.4404,1
2063,citizen,05-14-11,5.8604,48
2064,citizen,05-14-10,2.1323,20
2065,citizen,05-14-13,14.7402,514
2066,citizen,05-14-12,11.5575,149
2067,citizen,05-14-14,-32.7697,988
2068,citizen,02-28-12,0.0146,38
2069,citizen,02-28-13,-8.5652,65
2070,citizen,02-28-10,-0.8973,9
2071,citizen,02-28-11,3.6582,10
2072,citizen,02-28-14,-2.3953,135
2073,citizen,03-14-13,-5.8212,415
2074,citizen,03-14-12,-20.1177,147
2075,citizen,03-14-11,2.2089,65
2076,citizen,04-21-09,-0.8041,10
2077,citizen,03-14-14,7.7896,820
2078,citizen,12-21-09,-2.2994,19
2079,citizen,12-21-08,0.0,1
2080,citizen,02-14-09,-0.5719,1
2081,citizen,11-28-12,4.2701,100
2082,citizen,11-28-13,3.7273,165
2083,citizen,11-28-10,0.6219,13
2084,citizen,11-28-11,-9.7033,74
2085,citizen,11-28-14,-46.1544,1213
2086,citizen,10-14-13,-2.025,776
2087,citizen,10-14-12,-6.4147,493
2088,citizen,10-14-11,-0.1139,118
2089,citizen,10-14-10,-2.4037,20
2090,citizen,10-14-14,-95.6673,2314
2091,citizen,11-14-09,0.8881,17
2092,citizen,11-14-08,0.505,2
2093,citizen,05-28-08,0.0,1
2094,citizen,05-28-09,1.0643,7
2095,citizen,03-7-12,0.9254,167
2096,citizen,03-7-13,-111.7156,839
2097,citizen,03-7-10,-0.2318,19
2098,citizen,03-7-11,2.6065,59
2099,citizen,03-7-14,-2.8987,801
2100,citizen,08-7-08,0.1007,1
2101,citizen,08-7-09,4.6877,30
2102,citizen,07-14-08,0.4939,1
2103,citizen,07-14-09,4.2067,25
2104,citizen,04-28-09,0.2244,1
2105,citizen,10-7-12,15.8951,275
2106,citizen,10-7-13,10.0497,904
2107,citizen,10-7-10,4.8373,36
2108,citizen,08-21-12,2.3753,214
2109,citizen,08-21-14,-220.8647,2483
2110,citizen,10-7-14,-109.6032,2545
2111,citizen,01-28-14,41.4784,796
2112,citizen,08-0-14,-95.8492,1506
2113,citizen,07-14-07,0.0,1
2114,citizen,08-0-10,0.9517,30
2115,citizen,08-0-11,-3.4135,65
2116,citizen,08-0-12,-2.2645,168
2117,citizen,08-0-13,-8.5687,479
2118,citizen,03-21-14,5.729,891
2119,citizen,03-21-10,0.5611,48
2120,citizen,03-21-11,10.6999,62
2121,citizen,03-21-12,7.2704,177
2122,citizen,03-21-13,-6.643,449
2123,citizen,12-28-13,3.8419,244
2124,citizen,12-28-12,-16.3069,190
2125,citizen,12-28-11,1.66,43
2126,citizen,12-28-10,0.1243,14
2127,citizen,12-28-14,-54.4298,928
2128,citizen,02-21-14,9.2668,963
2129,citizen,02-21-13,-19.6383,424
2130,citizen,02-21-12,-51.9936,196
2131,citizen,02-21-11,-3.825,77
2132,citizen,02-21-10,-4.6398,28
2133,citizen,07-28-11,5.5218,50
2134,citizen,07-28-10,3.057,14
2135,citizen,07-28-13,-1.3591,275
2136,citizen,07-28-12,3.5807,100
2137,citizen,07-28-14,-81.0904,1172
2138,citizen,10-21-14,-70.646,2620
2139,citizen,10-21-10,3.4511,34
2140,citizen,10-21-11,-3.1623,132
2141,citizen,10-21-12,-8.4017,424
2142,citizen,10-21-13,-2.2033,703
2143,citizen,08-28-10,0.7296,18
2144,citizen,07-0-14,21.0494,1652
2145,citizen,08-28-12,18.9944,205
2146,citizen,08-28-13,39.0563,507
2147,citizen,08-28-14,-60.8442,975
2148,citizen,07-0-10,3.2637,25
2149,citizen,07-0-13,50.5292,570
2150,citizen,07-0-12,16.0905,180
2151,citizen,11-21-14,-610.2676,9232
2152,citizen,11-21-13,3.9621,565
2153,citizen,11-21-12,-1.5356,198
2154,citizen,11-21-11,-6.1196,97
2155,citizen,11-21-10,0.5355,18
2156,citizen,04-21-08,0.8934,3
2157,citizen,01-0-15,-19.411,873
2158,citizen,01-0-14,12.5072,511
2159,citizen,01-0-13,-35.407,336
2160,citizen,01-0-12,0.7751,93
2161,citizen,01-0-11,5.0109,34
2162,citizen,01-0-10,1.0824,12
2163,citizen,07-21-10,1.2958,28
2164,citizen,07-21-11,1.8698,94
2165,citizen,07-21-12,-10.8082,311
2166,citizen,07-21-13,0.4564,525
2167,citizen,07-21-14,-140.1139,1807
2168,citizen,08-14-07,0.8176,1
2169,citizen,04-14-09,-0.928,12
2170,citizen,09-14-09,0.5211,22
2171,citizen,12-0-14,-462.82,4467
2172,citizen,12-0-13,-24.327,551
2173,citizen,12-0-12,7.0876,234
2174,citizen,12-0-11,-6.656,116
2175,citizen,12-0-10,1.8722,22
2176,citizen,03-14-10,-1.4227,25
2177,citizen,06-7-08,0.6249,1
2178,citizen,06-7-09,2.1418,16
2179,citizen,01-7-09,0.3612,3
2180,citizen,08-28-11,2.0178,41
2181,citizen,01-21-14,-12.0393,773
2182,citizen,01-21-15,44.6797,985
2183,citizen,01-21-12,16.1585,197
2184,citizen,01-21-13,-6.2729,558
2185,citizen,01-21-10,4.7418,28
2186,citizen,01-21-11,5.5464,72
2187,citizen,07-0-11,4.4928,60
2188,citizen,05-14-09,3.9491,17
2189,citizen,03-14-09,-0.4161,4
2190,citizen,02-0-14,-6.7026,674
2191,citizen,02-0-15,-5.1017,348
2192,citizen,02-0-12,6.5188,93
2193,citizen,02-0-13,-46.6436,456
2194,citizen,02-0-10,1.4765,13
2195,citizen,02-0-11,0.0432,53
2196,citizen,12-21-14,-481.7441,3183
2197,citizen,12-21-12,-32.4948,389
2198,citizen,12-21-13,1.5754,397
2199,citizen,12-21-10,0.1741,11
2200,citizen,12-21-11,-5.1623,69
2201,citizen,02-14-10,2.4743,14
2202,citizen,02-14-11,4.4146,56
2203,citizen,02-14-12,10.8424,101
2204,citizen,02-14-13,-16.5063,407
2205,citizen,02-14-14,4.0627,887
2206,citizen,03-0-11,2.8334,41
2207,citizen,03-0-10,1.5655,25
2208,citizen,03-0-13,-52.2717,476
2209,citizen,03-0-12,-1.0839,132
2210,citizen,03-0-14,-7.222,875
2211,citizen,10-14-08,-0.5106,2
2212,citizen,10-14-09,3.2763,21
2213,citizen,11-0-14,119.6044,2563
2214,citizen,11-0-12,67.7138,612
2215,citizen,11-0-13,-0.1348,548
2216,citizen,11-0-10,-0.8909,63
2217,citizen,11-0-11,7.3809,75
2218,citizen,03-28-14,0.0737,475
2219,citizen,03-28-11,3.0053,42
2220,citizen,03-28-10,0.641,19
2221,citizen,03-28-13,0.8619,196
2222,citizen,03-28-12,7.1492,105
2223,citizen,11-14-10,0.988,33
2224,citizen,11-14-11,-15.793,147
2225,citizen,11-14-12,-7.3649,424
2226,citizen,11-14-13,7.1489,660
2227,citizen,11-14-14,-132.8906,3712
2228,citizen,10-0-11,-11.6809,100
2229,citizen,10-0-10,7.4177,39
2230,citizen,10-0-13,4.9951,1060
2231,citizen,10-0-12,12.3206,297
2232,citizen,10-0-14,-30.551,1833
2233,citizen,09-28-13,-6.6805,328
2234,citizen,09-28-12,1.8512,96
2235,citizen,09-28-11,-10.681,91
2236,citizen,09-28-10,-3.1156,12
2237,citizen,09-28-14,12.5103,1035
2238,protester,10-28-14,-67.0366,325
2239,protester,10-28-11,-32.9571,119
2240,protester,10-28-10,-0.5884,4
2241,protester,10-28-13,-11.1284,41
2242,protester,10-28-12,-1.325,7
2243,protester,01-28-11,-26.4787,107
2244,protester,06-28-09,-0.7529,3
2245,protester,06-28-08,0.0772,1
2246,protester,04-28-14,-7.697,40
2247,protester,04-28-10,-2.1043,5
2248,protester,04-28-11,-2.9892,11
2249,protester,04-28-12,-3.8353,11
2250,protester,04-28-13,-1.9055,7
2251,protester,04-7-14,-64.724,216
2252,protester,04-7-13,-4.1984,28
2253,protester,04-7-12,-3.2601,22
2254,protester,04-7-11,-7.3993,39
2255,protester,04-7-10,-2.8388,10
2256,protester,12-28-09,0.6291,5
2257,protester,07-28-09,0.2179,3
2258,protester,02-21-09,-0.128,1
2259,protester,09-21-09,-6.7499,23
2260,protester,08-21-08,0.597,2
2261,protester,08-21-09,-2.9213,7
2262,protester,02-7-15,-4.756,12
2263,protester,02-7-14,-21.6753,95
2264,protester,07-0-09,-0.2995,3
2265,protester,02-7-11,-10.7744,93
2266,protester,02-7-10,-2.891,15
2267,protester,02-7-13,-17.1783,54
2268,protester,02-7-12,-8.5963,31
2269,protester,06-0-09,-0.8512,1
2270,protester,11-21-09,-0.0119,7
2271,protester,01-0-09,-0.4767,1
2272,protester,04-0-09,-0.8852,6
2273,protester,11-7-14,-188.391,750
2274,protester,11-7-11,-46.2159,218
2275,protester,11-7-10,-1.3792,4
2276,protester,05-7-09,-1.162,2
2277,protester,11-7-12,-10.9543,29
2278,protester,05-21-08,-0.2263,1
2279,protester,04-14-14,-25.7387,109
2280,protester,04-14-12,-11.6536,40
2281,protester,04-14-13,-14.3695,37
2282,protester,04-14-10,-3.3368,5
2283,protester,04-14-11,-6.7778,21
2284,protester,05-0-13,-20.3638,89
2285,protester,05-0-12,-29.7692,134
2286,protester,05-0-11,-2.1472,10
2287,protester,05-0-10,-0.3504,5
2288,protester,05-0-14,-64.3038,234
2289,protester,01-14-15,-79.6541,294
2290,protester,01-14-14,-47.7615,131
2291,protester,01-14-13,-13.4735,48
2292,protester,01-14-12,-12.4906,77
2293,protester,12-0-08,-0.7783,1
2294,protester,12-0-09,-0.528,4
2295,protester,12-14-14,-455.0006,1488
2296,protester,12-14-11,-22.3443,160
2297,protester,12-14-10,-0.4763,2
2298,protester,12-14-13,-8.6593,34
2299,protester,12-14-12,-6.5145,25
2300,protester,01-7-10,-0.2934,2
2301,protester,01-7-11,-3.3694,8
2302,protester,01-7-12,-10.0892,63
2303,protester,01-7-13,-7.5523,27
2304,protester,01-7-14,-23.915,60
2305,protester,01-7-15,-35.9011,127
2306,protester,12-7-10,-5.8027,15
2307,protester,12-7-11,-35.5882,125
2308,protester,12-7-12,-12.7513,76
2309,protester,12-7-13,-20.5044,103
2310,protester,12-7-14,-896.0956,3844
2311,protester,03-28-08,-0.126,1
2312,protester,10-0-09,-0.4872,7
2313,protester,09-28-09,-1.4013,2
2314,protester,09-0-14,-88.6772,338
2315,protester,09-0-13,-16.2916,77
2316,protester,09-0-12,-10.4771,60
2317,protester,09-0-11,-1.2776,5
2318,protester,09-0-10,-1.471,2
2319,protester,11-7-13,-12.0176,50
2320,protester,10-28-09,0.5912,5
2321,protester,06-14-09,-13.2828,95
2322,protester,06-14-08,-1.6104,5
2323,protester,07-7-09,-1.1095,12
2324,protester,06-28-14,-13.9269,76
2325,protester,06-28-12,-6.2047,17
2326,protester,06-28-13,-7.8442,43
2327,protester,06-28-10,-1.9477,10
2328,protester,06-28-11,-11.3848,39
2329,protester,08-14-09,-3.3432,15
2330,protester,06-21-13,-32.5652,126
2331,protester,06-21-12,-6.5649,28
2332,protester,06-21-11,-3.1643,14
2333,protester,06-21-10,-12.8259,44
2334,protester,06-21-14,-47.6794,228
2335,protester,09-7-09,-0.5506,12
2336,protester,04-7-08,-0.2472,7
2337,protester,04-7-09,-2.1874,3
2338,protester,09-21-14,-161.8747,667
2339,protester,09-21-12,-16.8621,49
2340,protester,09-21-13,-11.4354,37
2341,protester,09-21-10,-0.1154,1
2342,protester,09-21-11,-28.5537,119
2343,protester,04-21-14,-24.9214,91
2344,protester,04-21-11,-7.3346,32
2345,protester,04-21-10,-2.4629,7
2346,protester,04-21-13,-7.6376,42
2347,protester,04-21-12,-7.0471,26
2348,protester,02-28-09,-0.3094,1
2349,protester,02-7-09,0.6705,1
2350,protester,06-0-12,-10.3031,32
2351,protester,06-0-13,-52.1695,193
2352,protester,06-0-10,-0.8859,8
2353,protester,06-0-11,-8.5655,23
2354,protester,06-0-14,-19.5594,105
2355,protester,11-28-09,-0.2263,1
2356,protester,04-0-10,-0.2263,1
2357,protester,04-0-11,-5.2117,19
2358,protester,04-0-12,1.0392,17
2359,protester,04-0-13,-5.8278,16
2360,protester,04-0-14,-21.5663,79
2361,protester,05-21-12,-35.1626,143
2362,protester,05-21-13,-9.542,67
2363,protester,05-21-10,0.1396,3
2364,protester,05-21-11,-2.5392,13
2365,protester,05-21-14,-31.2749,121
2366,protester,05-7-14,-29.2104,104
2367,protester,11-7-08,0.1779,1
2368,protester,11-7-09,0.4818,6
2369,protester,05-7-10,-0.703,2
2370,protester,05-7-11,-4.6813,12
2371,protester,05-7-12,-9.9913,46
2372,protester,05-7-13,-2.7078,28
2373,protester,01-14-09,-0.5298,3
2374,protester,05-0-09,-0.7269,1
2375,protester,05-28-14,-18.5748,70
2376,protester,05-28-13,-11.5739,39
2377,protester,05-28-12,-6.7752,28
2378,protester,05-28-11,-1.9833,7
2379,protester,05-28-10,0.0,1
2380,protester,03-7-09,-0.2263,1
2381,protester,08-7-13,-11.0494,38
2382,protester,08-7-12,-3.4049,13
2383,protester,08-7-11,-7.4868,20
2384,protester,08-7-10,-1.0148,5
2385,protester,08-7-14,-184.8973,712
2386,protester,12-14-09,-2.0654,6
2387,protester,10-7-09,1.1677,5
2388,protester,10-7-08,-1.3217,3
2389,protester,08-0-09,-2.7258,12
2390,protester,03-21-09,-0.5719,1
2391,protester,07-14-14,-76.1154,252
2392,protester,07-14-13,-152.5101,532
2393,protester,07-14-12,-8.9856,31
2394,protester,07-14-11,-6.9408,22
2395,protester,07-14-10,0.0149,4
2396,protester,10-7-12,-8.6612,29
2397,protester,08-21-10,-1.1405,4
2398,protester,08-21-13,-14.0678,55
2399,protester,10-21-09,0.7522,5
2400,protester,10-21-08,-0.8034,2
2401,protester,08-28-09,-3.4206,9
2402,protester,01-28-10,-0.5983,1
2403,protester,01-28-15,-9.2366,46
2404,protester,09-0-08,-1.4006,3
2405,protester,09-0-09,-0.0179,5
2406,protester,06-14-14,-30.5236,98
2407,protester,06-14-10,-1.1392,2
2408,protester,06-14-11,-2.4044,13
2409,protester,06-14-12,-11.887,38
2410,protester,06-14-13,-26.0149,104
2411,protester,10-7-13,-23.3468,78
2412,protester,07-21-09,-0.8283,3
2413,protester,07-7-14,-50.2602,184
2414,protester,07-7-12,-12.4929,36
2415,protester,07-7-13,-40.8052,154
2416,protester,07-7-10,-1.7087,9
2417,protester,07-7-11,-2.8695,10
2418,protester,09-14-14,-66.0672,216
2419,protester,09-14-11,-17.9059,85
2420,protester,09-14-10,-0.2263,1
2421,protester,09-14-13,-12.7414,50
2422,protester,09-14-12,-57.8062,168
2423,protester,12-7-09,0.3592,3
2424,protester,06-21-09,-7.3762,47
2425,protester,08-14-12,-2.9112,35
2426,protester,08-14-13,-75.05,209
2427,protester,08-14-10,-0.5971,3
2428,protester,08-14-11,-1.4488,24
2429,protester,08-14-14,-2360.0576,9534
2430,protester,02-0-09,0.4881,1
2431,protester,06-7-11,-5.2443,20
2432,protester,06-7-10,0.4744,2
2433,protester,06-7-13,-46.3887,158
2434,protester,06-7-12,-13.6976,41
2435,protester,06-7-14,-37.4875,135
2436,protester,09-7-10,-2.0511,4
2437,protester,09-7-11,-9.8621,29
2438,protester,09-7-12,-28.6233,71
2439,protester,09-7-13,-20.7214,69
2440,protester,09-7-14,-86.2007,335
2441,protester,11-0-09,0.3661,5
2442,protester,11-0-08,0.4796,1
2443,protester,05-14-11,-5.1237,33
2444,protester,05-14-10,-1.9317,5
2445,protester,05-14-13,-12.687,56
2446,protester,05-14-12,-54.1546,215
2447,protester,05-14-14,-38.8084,137
2448,protester,02-28-12,-0.5377,10
2449,protester,02-28-13,-0.1881,4
2450,protester,02-28-11,-5.3273,14
2451,protester,02-28-14,-4.3432,15
2452,protester,03-14-13,-18.6224,61
2453,protester,03-14-12,-13.8258,64
2454,protester,03-14-11,-12.8784,45
2455,protester,03-14-10,-0.8979,10
2456,protester,03-14-14,-28.4724,109
2457,protester,12-21-09,-0.1627,2
2458,protester,08-21-12,-10.198,48
2459,protester,11-28-12,-1.8724,16
2460,protester,11-28-13,-7.4059,60
2461,protester,11-28-10,-0.3959,3
2462,protester,11-28-11,-38.4731,190
2463,protester,11-28-14,-573.2555,2220
2464,protester,10-14-13,-19.9238,103
2465,protester,10-14-12,-9.984,28
2466,protester,10-14-11,-45.6398,319
2467,protester,10-14-10,0.6896,2
2468,protester,10-14-14,-240.2169,1013
2469,protester,11-14-09,-0.1049,6
2470,protester,03-7-12,-5.7788,18
2471,protester,03-7-13,-6.9626,32
2472,protester,03-7-10,-1.496,6
2473,protester,03-7-11,-15.4114,60
2474,protester,03-7-14,-23.3126,94
2475,protester,08-7-09,-1.548,16
2476,protester,07-14-09,0.0459,3
2477,protester,08-21-11,-2.2239,23
2478,protester,01-28-12,-40.6946,132
2479,protester,10-7-10,-1.3052,7
2480,protester,10-7-11,-77.0425,332
2481,protester,08-21-14,-289.8607,1180
2482,protester,10-7-14,-343.1555,1520
2483,protester,01-28-14,-18.1655,59
2484,protester,08-0-14,-19.1436,87
2485,protester,08-0-10,-0.7181,3
2486,protester,08-0-11,-2.9364,6
2487,protester,08-0-12,-0.726,35
2488,protester,08-0-13,-11.7169,38
2489,protester,05-7-08,-0.6901,1
2490,protester,03-21-14,-27.6693,77
2491,protester,03-21-10,-7.3935,17
2492,protester,03-21-11,-15.7769,62
2493,protester,03-21-12,-19.4129,76
2494,protester,03-21-13,-5.4232,37
2495,protester,12-28-13,-2.548,16
2496,protester,12-28-12,-5.289,10
2497,protester,12-28-11,-1.949,10
2498,protester,12-28-14,-110.2817,386
2499,protester,02-21-14,-74.6787,264
2500,protester,02-21-13,-10.7016,35
2501,protester,02-21-12,-3.338,27
2502,protester,02-21-11,-31.2909,139
2503,protester,07-28-11,-2.0539,5
2504,protester,07-28-10,-2.3939,5
2505,protester,07-28-13,-19.2483,53
2506,protester,07-28-12,-6.0813,15
2507,protester,07-28-14,-18.0745,71
2508,protester,10-21-14,-218.6163,842
2509,protester,10-21-10,-0.2675,4
2510,protester,10-21-11,-60.3539,339
2511,protester,10-21-12,-7.2882,38
2512,protester,10-21-13,-9.9022,58
2513,protester,07-0-14,-108.7712,291
2514,protester,08-28-12,-9.623,59
2515,protester,08-28-13,-32.5616,82
2516,protester,08-28-14,-86.807,261
2517,protester,07-0-10,-1.3103,3
2518,protester,07-0-13,-39.467,168
2519,protester,07-0-12,-5.099,18
2520,protester,11-21-14,-3354.2798,14537
2521,protester,11-21-13,-18.6469,71
2522,protester,11-21-12,-12.4876,61
2523,protester,11-21-11,-35.028,181
2524,protester,11-21-10,-0.4215,1
2525,protester,01-0-15,-42.6202,195
2526,protester,01-0-14,-11.3538,34
2527,protester,01-0-13,-0.9312,9
2528,protester,01-0-12,-11.29,44
2529,protester,01-0-11,-0.6249,1
2530,protester,01-0-10,-0.2263,1
2531,protester,07-21-10,0.2811,2
2532,protester,07-21-11,-2.3301,10
2533,protester,07-21-12,-16.3265,56
2534,protester,07-21-13,-46.498,126
2535,protester,07-21-14,-53.9691,195
2536,protester,08-14-07,-0.4286,2
2537,protester,04-14-09,-1.1877,5
2538,protester,09-14-09,-0.6199,1
2539,protester,12-0-14,-1245.8667,5044
2540,protester,12-0-13,-17.3672,84
2541,protester,12-0-12,-13.1101,36
2542,protester,12-0-11,-25.4147,118
2543,protester,12-0-10,-1.1564,4
2544,protester,04-21-09,-0.0532,2
2545,protester,06-7-09,-0.4137,1
2546,protester,01-7-09,-2.1834,5
2547,protester,08-28-11,-2.3976,13
2548,protester,01-21-14,-91.2805,241
2549,protester,01-21-15,-29.9628,90
2550,protester,01-21-12,-3.9093,27
2551,protester,01-21-13,-15.9959,69
2552,protester,01-21-10,-0.7389,2
2553,protester,01-21-11,-2.6621,15
2554,protester,07-0-11,-4.162,16
2555,protester,05-14-09,-1.5755,7
2556,protester,03-14-09,-0.4526,2
2557,protester,02-0-14,-23.4557,76
2558,protester,02-0-15,-6.3963,19
2559,protester,02-0-12,-19.4235,54
2560,protester,02-0-13,-1.9704,21
2561,protester,02-0-11,-43.4479,180
2562,protester,12-21-14,-1421.1991,3799
2563,protester,12-21-12,-21.3998,115
2564,protester,12-21-13,-10.9067,24
2565,protester,12-21-11,-9.1974,28
2566,protester,02-14-10,-0.3406,12
2567,protester,02-14-11,-54.6694,144
2568,protester,02-14-12,-4.9012,21
2569,protester,02-14-13,-14.3494,39
2570,protester,02-14-14,-140.4688,379
2571,protester,03-0-11,-8.4176,64
2572,protester,03-0-10,-4.3675,14
2573,protester,03-0-13,-6.6879,21
2574,protester,03-0-12,-19.0635,59
2575,protester,03-0-14,-49.4163,184
2576,protester,10-14-09,-1.1296,4
2577,protester,11-0-14,-98.9592,447
2578,protester,11-0-12,0.1513,24
2579,protester,11-0-13,-14.0595,43
2580,protester,11-0-10,-6.099,11
2581,protester,11-0-11,-50.7845,228
2582,protester,03-28-14,-25.2501,71
2583,protester,03-28-11,-5.1025,18
2584,protester,03-28-10,-2.0427,7
2585,protester,03-28-13,-3.0611,11
2586,protester,03-28-12,-6.8886,22
2587,protester,11-14-10,-1.2138,5
2588,protester,11-14-11,-146.1169,628
2589,protester,11-14-12,-9.2519,39
2590,protester,11-14-13,-19.3078,44
2591,protester,11-14-14,-407.9787,1626
2592,protester,10-0-11,-37.2142,239
2593,protester,10-0-10,-0.2208,3
2594,protester,10-0-13,-6.9665,42
2595,protester,10-0-12,-6.6954,27
2596,protester,10-0-14,-185.16,930
2597,protester,09-28-13,-8.996,29
2598,protester,09-28-12,-2.6258,18
2599,protester,09-28-11,1.2246,34
2600,protester,09-28-10,0.1187,5
2601,protester,01-28-13,-3.5638,17
2602,protester,09-28-14,-144.4906,783
